novel,category,name,users,school
《女帝奇英传》,,武功资料,,
《女帝奇英传》,A、,攻击类,,
《女帝奇英传》,A、,天罡刀法,恶行者,
《女帝奇英传》,A、,峨嵋剑法,长孙均量; 长孙璧; 长孙泰; 李逸; 尉迟炯,峨嵋派
《女帝奇英传》,A、,通臂拳,谷神翁,
《女帝奇英传》,A、,金刚掌,谷神翁; 李逸; 百忧上人,
《女帝奇英传》,A、,蹑云剑,谷神翁,
《女帝奇英传》,A、,小擒拿手,李逸,
《女帝奇英传》,A、,伏魔掌,李逸,
《女帝奇英传》,A、,大力鹰爪,雄巨鼎; 张挺,
《女帝奇英传》,A、,金刚指,武玄霜; 李逸; 谷神翁,
《女帝奇英传》,A、,罗汉神拳,程通,
《女帝奇英传》,A、,八仙剑法,李逸; 袁牧,
《女帝奇英传》,A、,六合鞭法,李逸,
《女帝奇英传》,A、,灵猿剑法,谢补之; 崔仲元,
《女帝奇英传》,A、,中平枪,秦堪,
《女帝奇英传》,A、,腐骨神掌,天恶道人,
《女帝奇英传》,A、,降龙鞭法,姓周的汉子,
《女帝奇英传》,A、,伏龙掌法,无,
《女帝奇英传》,A、,长镢点穴法,程建男,
《女帝奇英传》,A、,弹指神通,武玄霜,
《女帝奇英传》,A、,游身八卦刀,熊白山,
《女帝奇英传》,A、,五虎断门刀,祝见章; 南宫尚,万胜门
《女帝奇英传》,A、,大擒拿手,李逸; 百忧上人; 武玄霜,
《女帝奇英传》,A、,一指禅功,夏侯坚; 符不疑,
《女帝奇英传》,A、,大摔碑手,符不疑,
《女帝奇英传》,A、,空手入白刃,李逸; 阳太华,
《女帝奇英传》,A、,太清剑法,符不疑,
《女帝奇英传》,A、,无相剑法,优昙神尼; 谷神翁; 符不疑; 武玄霜; 裴叔度,
《女帝奇英传》,A、,伏魔杖法,百忧上人,
《女帝奇英传》,A、,天一罡气,金冠道人,
《女帝奇英传》,A、,童子功,李希敏,
《女帝奇英传》,A、,小天星掌力,百忧上人,
《女帝奇英传》,A、,阴阳双撞掌,李逸,
《女帝奇英传》,B、,防御类,,
《女帝奇英传》,B、,铁布衫,李元,
《女帝奇英传》,B、,金钟罩,灭度神君,
《女帝奇英传》,B、,沾衣十八跌,武玄霜; 天恶道人; 灭度神君; 百忧上人; 牛布衣,
《女帝奇英传》,C、,轻功类,,
《女帝奇英传》,C、,凌空步,李逸,
《女帝奇英传》,C、,八步赶蝉,李逸; 武玄霜,
《女帝奇英传》,C、,蹑云步法,谷神翁,
《女帝奇英传》,D、,其他类,,
《女帝奇英传》,D、,移宫换穴,恶行者; 毒观音,
《女帝奇英传》,D、,千斤坠,李逸; 天恶道人; 恰克图,
《女帝奇英传》,D、,飞花摘叶,李逸; 武玄霜,
《女帝奇英传》,E、,兵刃暗器,,
《女帝奇英传》,E1、,奇兵利刃,使用者,
《女帝奇英传》,E1、,青霜剑,武玄霜,
《女帝奇英传》,E1、,劈云锄,灭度神君,
《女帝奇英传》,E2、,独门暗器,使用者,
《女帝奇英传》,E2、,透穴神针,毒观音; 天恶道人,
《女帝奇英传》,E2、,碎骨钱镖,恶行者,
《女帝奇英传》,E2、,梅花金针,夏侯坚,
《女帝奇英传》,E2、,流星火焰弹,牛布衣,
《女帝奇英传》,E2、,金冠,金冠道人,
《弹指惊雷》,,武功资料,,
《弹指惊雷》,A、,攻击类,,
《弹指惊雷》,A、,金刚六阳手,杨大姑; 杨牧; 齐世杰; 宋鹏举,保定杨家
《弹指惊雷》,A、,惊神笔法,连甘沛,河北连家
《弹指惊雷》,A、,大力金刚手,无,少林派
《弹指惊雷》,A、,冰川剑法,华玉; 桂华生; 桂冰娥; 玉玲珑; 齐世杰; 冷冰儿,
《弹指惊雷》,A、,大手印（掌心雷）,释湛,西藏密宗
《弹指惊雷》,A、,瑜伽气功,齐世杰; 迦象,
《弹指惊雷》,A、,狮子吼,迦象; 缪长风,
《弹指惊雷》,A、,龙象功,迦象; 齐世杰; 大吉法师,烂陀寺
《弹指惊雷》,A、,雷神掌,欧阳冲; 段剑青; 欧阳伯和; 欧阳继; 欧阳业,欧阳家
《弹指惊雷》,A、,雷神指,欧阳冲; 欧阳承,欧阳家
《弹指惊雷》,A、,瑜伽术,大吉法师; 段剑青,
《弹指惊雷》,A、,空手入白刃,齐世杰; 杨炎; 孟华,
《弹指惊雷》,A、,金刚掌,杨炎; 司空照; 宇文雷,
《弹指惊雷》,A、,落英掌法,龙灵珠; 龙则灵; 杨炎,
《弹指惊雷》,A、,龙爪手,龙灵珠; 龙则灵; 杨炎; 齐世杰,
《弹指惊雷》,A、,大擒拿手,杨大姑; 杨牧; 齐世杰; 宋鹏举,
《弹指惊雷》,A、,大须弥剑式,杨炎; 孟华; 丁兆鸣,天山派
《弹指惊雷》,A、,追风剑式,杨炎; 甘武维; 丁兆鸣; 陆敢当; 李务实,天山派
《弹指惊雷》,A、,龙形十八剑,龙灵珠; 龙则灵; 杨炎,
《弹指惊雷》,A、,龙形六十四式,龙灵珠; 杨炎,
《弹指惊雷》,A、,六合刀,齐世杰; 齐建业,保定齐家
《弹指惊雷》,A、,弹指神通,杨炎; 孟华,
《弹指惊雷》,A、,分筋错骨手,杨炎; 孟华,
《弹指惊雷》,A、,铁砂掌,田耕; 杜诚,
《弹指惊雷》,A、,大力鹰爪,彭大遒,
《弹指惊雷》,A、,双环八诀,劳福荫; 劳福庇,崆峒派
《弹指惊雷》,A、,连环夺命剑法,丹丘生,崆峒派
《弹指惊雷》,A、,金刚指,慕容垂,少林派
《弹指惊雷》,A、,般若神功,孟华,烂陀寺
《弹指惊雷》,A、,蹑云剑法,穆扬波; 穆志遥,蓬莱穆家
《弹指惊雷》,A、,鸳鸯连环腿,杨炎,
《弹指惊雷》,A、,擒龙手,杨炎,
《弹指惊雷》,A、,扫叶掌法,萧逸客; 杨炎,
《弹指惊雷》,A、,太阴掌,宇文雷,
《弹指惊雷》,A、,蛇拳,无,
《弹指惊雷》,A、,大摔碑手,宇文雷,
《弹指惊雷》,A、,太清气功,缪长风,
《弹指惊雷》,A、,阴阳双撞掌,段剑青; 齐世杰,烂陀寺
《弹指惊雷》,B、,防御类,,
《弹指惊雷》,B、,少阳神功,冷冰儿; 杨炎,
《弹指惊雷》,B、,沾衣十八跌,段剑青; 尉迟炯; 杨炎; 孟华,
《弹指惊雷》,B、,童子功,定弟,
《弹指惊雷》,C、,轻功类,,
《弹指惊雷》,C、,天罗步法,杨炎,崆峒派
《弹指惊雷》,C、,八步赶蝉,齐世杰; 杨炎,
《弹指惊雷》,C、,草上飞,杨炎,
《弹指惊雷》,C、,醉八仙步法,龙灵珠,
《弹指惊雷》,D、,其他类,,
《弹指惊雷》,D、,千斤坠,齐世杰; 迦象,
《弹指惊雷》,D、,大周天吐纳法,杨炎,
《弹指惊雷》,D、,天魔解体大法,杨炎,
《弹指惊雷》,E、,兵刃暗器,,
《弹指惊雷》,E1、,奇兵利刃,使用者,
《弹指惊雷》,E1、,冰魄寒光剑,冷冰儿; 桂冰娥,
《弹指惊雷》,E1、,玄铁重剑,史白都; 金逐流,
《弹指惊雷》,E1、,玄铁重刀,尉迟炯,
《弹指惊雷》,E1、,青竹杖,大吉法师,
《弹指惊雷》,E1、,紫金钵,大吉法师,
《弹指惊雷》,E2、,独门暗器,使用者,
《弹指惊雷》,E2、,天山神芒,杨炎,
《弹指惊雷》,E2、,毒雾金针烈炎弹,段剑青,
《弹指惊雷》,E2、,冰魄神弹,冷冰儿,
《鸣镝风云录》,,武功资料,,
《鸣镝风云录》,A、,攻击类,,
《鸣镝风云录》,A、,泼风刀法,石冲; 乔拓疆,
《鸣镝风云录》,A、,银枪三十六式,徐子嘉,
《鸣镝风云录》,A、,空手入白刃,陆鸿; 谷啸风; 碧波; 辛柔荑; 宇文化及; 岳夫人; 车卫; 任天吾; 史天泽; 包灵; 赵一行; 安陀生,
《鸣镝风云录》,A、,大擒拿手法,陆鸿; 西门牧野; 朱九穆; 乌蒙; 宇文化及; 楚大鹏; 史宏; 辛龙生; 乔拓疆; 濮阳坚; 白逖; 安陀生; 宇文冲; 拓跋图; 厉擒龙,
《鸣镝风云录》,A、,分筋错骨手,谷啸风; 楚大鹏; 车卫; 任天吾,
《鸣镝风云录》,A、,大力鹰爪功,展一环; 乌蒙,
《鸣镝风云录》,A、,八仙剑法,娄人俊,
《鸣镝风云录》,A、,兰花手,韩佩瑛; 杨洁梅,
《鸣镝风云录》,A、,小擒拿手法,韩佩瑛; 谷啸风; 史宏; 公孙璞; 拓跋图,
《鸣镝风云录》,A、,修罗阴煞功,朱九穆; 金超岳,
《鸣镝风云录》,A、,惊神剑法,韩佩瑛; 辛龙生,
《鸣镝风云录》,A、,鹤膊手,韩大维,
《鸣镝风云录》,A、,连环夺命剑法,谷啸风,武当派
《鸣镝风云录》,A、,七修剑法,任天吾; 谷啸风; 谷夫人; 余化龙,任家
《鸣镝风云录》,A、,弹指神通,韩佩瑛; 奚玉瑾; 厉赛英; 宫昭文; 完颜豪; 车卫; 任天吾; 赵一行; 柳清瑶; 谷啸风; 公孙璞,
《鸣镝风云录》,A、,毒砂掌,洪圻,
《鸣镝风云录》,A、,七煞掌,宫锦云; 宫昭文,
《鸣镝风云录》,A、,化血刀,公孙奇; 公孙璞; 西门牧野; 濮阳坚; 郑友宝,桑家
《鸣镝风云录》,A、,腐骨掌,公孙奇; 公孙璞; 西门牧野; 西门柱石,桑家
《鸣镝风云录》,A、,铁砂掌,濮阳坚; 楚大鹏; 汉子甲; 丁厚; 丁实,
《鸣镝风云录》,A、,惊神指法,公孙璞; 柳元宗; 檀羽冲; 韩希舜; 张大颠; 完颜豪; 完颜长之; 李中柱,
《鸣镝风云录》,A、,雷神掌,金超岳,
《鸣镝风云录》,A、,阴阳五行掌,金超岳,
《鸣镝风云录》,A、,达摩剑法,无,少林派
《鸣镝风云录》,A、,越女剑法,无,峨嵋派
《鸣镝风云录》,A、,百花剑法,奚玉瑾; 奚玉帆,百花谷奚家
《鸣镝风云录》,A、,阴阳双撞掌,朱九穆,
《鸣镝风云录》,A、,铁袖功,朱九穆; 厉擒龙,
《鸣镝风云录》,A、,伏虎拳,无,丐帮
《鸣镝风云录》,A、,降龙掌,无,丐帮
《鸣镝风云录》,A、,（大力）金刚掌,韩大维; 何令威; 武士敦; 陆昆仑,丐帮
《鸣镝风云录》,A、,打狗棒法,刘赶驴; 张大颠; 何令威; 武士敦,丐帮
《鸣镝风云录》,A、,般若掌,韩大维,
《鸣镝风云录》,A、,大衍八式,耿照; 公孙璞; 桑见田; 桑青虹,桑家
《鸣镝风云录》,A、,须弥掌法,明明大师; 公孙璞,
《鸣镝风云录》,A、,绵掌,任天吾; 石棱,
《鸣镝风云录》,A、,锯齿刀法,祝大由,大名府祝家庄
《鸣镝风云录》,A、,乱披风杖（剑）法,孟天香; 奚玉帆,
《鸣镝风云录》,A、,乱环诀,齐岳; 齐泰; 齐岱,崆峒派
《鸣镝风云录》,A、,紫府神箫,檀羽冲,
《鸣镝风云录》,A、,纯阳罡气,檀羽冲,
《鸣镝风云录》,A、,混元一炁功,宇文化及,
《鸣镝风云录》,A、,伏魔杖法,沙衍流,少林派
《鸣镝风云录》,A、,易筋经,沙衍流,少林派
《鸣镝风云录》,A、,铁牌挟剑三十六路盘打,孟霆,
《鸣镝风云录》,A、,落英剑法,奚玉瑾,
《鸣镝风云录》,A、,鸳鸯连环腿,陷空道人,
《鸣镝风云录》,A、,落英掌法,厉赛英; 厉擒龙,
《鸣镝风云录》,A、,大摔碑手,乔拓疆; 史宏; 翦长春; 谷啸风,
《鸣镝风云录》,A、,大力开碑掌,谷啸风,
《鸣镝风云录》,A、,惊神笔法,文逸凡; 辛龙生,
《鸣镝风云录》,A、,紫金刀法,邵元化,
《鸣镝风云录》,A、,龙爪手,邵元化,
《鸣镝风云录》,A、,毒龙掌,丘抗,
《鸣镝风云录》,A、,伏魔掌,张大颠,少林派
《鸣镝风云录》,A、,金刚指,文逸凡,少林派
《鸣镝风云录》,A、,一指禅,无,
《鸣镝风云录》,A、,五毒掌,蒙得志,
《鸣镝风云录》,A、,黑虎拳,史宏,
《鸣镝风云录》,A、,狮子吼,公孙璞; 明明大师; 龙象法王,西藏密宗
《鸣镝风云录》,A、,童子功,辛龙生; 公孙璞; 谷啸风,
《鸣镝风云录》,A、,大五行剑法,辛龙生; 车卫,
《鸣镝风云录》,A、,乱八仙拳路,宇文冲,
《鸣镝风云录》,A、,南派长拳,史天泽,
《鸣镝风云录》,A、,虎爪擒拿手,史天泽,
《鸣镝风云录》,A、,柔云掌法,石棱,
《鸣镝风云录》,A、,小天星掌力,乔拓疆,
《鸣镝风云录》,A、,天罡掌,公孙璞,
《鸣镝风云录》,A、,蹑云剑法,韩佩瑛; 韩大维,
《鸣镝风云录》,A、,五虎断门刀,武士敦,保定刘家
《鸣镝风云录》,A、,七修指,任天吾,
《鸣镝风云录》,A、,七修掌,任天吾,
《鸣镝风云录》,A、,双刀合璧,巴天福; 韩天寿,
《鸣镝风云录》,A、,龙形一字剑,金光灿; 呼延化; 司空涛,
《鸣镝风云录》,A、,龙象功,乌蒙; 龙象法王; 拓跋图,
《鸣镝风云录》,A、,洞仙箫法,李中柱,
《鸣镝风云录》,A、,金刚棒喝,韩大维,
《鸣镝风云录》,A、,天罡尘法,柳清瑶,
《鸣镝风云录》,A、,柔云剑法,柳清瑶,
《鸣镝风云录》,B、,轻功类,,
《鸣镝风云录》,B、,蹑云步法,韩佩瑛,
《鸣镝风云录》,B、,八步赶蝉,谷啸风; 韩佩瑛; 奚玉帆; 辛龙生,
《鸣镝风云录》,B、,醉八仙步法,宇文化及; 奚玉帆; 公孙璞; 赵一行,
《鸣镝风云录》,B、,陆地飞腾,谷啸风,
《鸣镝风云录》,B、,穿花绕树,厉赛英; 宫锦云,
《鸣镝风云录》,B、,天罡步法,车卫; 车淇,
《鸣镝风云录》,C、,防御类,,
《鸣镝风云录》,C、,少阳神功,谷啸风; 奚玉瑾; 奚玉帆; 任天吾,任家
《鸣镝风云录》,C、,沾衣十八跌,公孙璞; 辛龙生; 韩大维; 谷啸风; 车卫,
《鸣镝风云录》,C、,铁布衫,史宏; 汉子乙,
《鸣镝风云录》,C、,护体神功,韩大维; 张大颠; 公孙璞; 白逖; 丘大鸣; 武士敦,
《鸣镝风云录》,D、,其他类,,
《鸣镝风云录》,D、,千斤坠,韩佩瑛; 邵元化; 石棱; 公孙璞; 王宇庭,
《鸣镝风云录》,D、,天魔解体大法,孟天香; 辛柔荑; 朱九穆; 龙象法王; 宫昭文,
《鸣镝风云录》,D、,大周天吐纳法,谷啸风,
《鸣镝风云录》,D、,六合阵,乔拓疆; 钟无霸; 姓焦的汉子; 丘四哥; 三位头目,
《鸣镝风云录》,E、,兵刃暗器,,
《鸣镝风云录》,E1、,奇兵利刃,使用者,
《鸣镝风云录》,E1、,暖玉箫,檀羽冲; 李中柱,
《鸣镝风云录》,E1、,玄铁宝伞,公孙璞,
《鸣镝风云录》,E1、,白金丝线手套,厉赛英,
《鸣镝风云录》,E1、,青竹杖,辛柔荑,
《鸣镝风云录》,E2、,独门暗器,使用者,
《鸣镝风云录》,E2、,毒雾金针子母弹,辛柔荑,
《鸣镝风云录》,E2、,毒雾金针烈炎弹,辛柔荑,
《还剑奇情录》,,武功资料,,
《还剑奇情录》,A、,攻击类,使用者,
《还剑奇情录》,A、,五禽剑法,陈玄机,
《还剑奇情录》,A、,青阳剑法,陈玄机,
《还剑奇情录》,A、,崆峒剑法,陈玄机,
《还剑奇情录》,A、,天龙剑,陈玄机,
《还剑奇情录》,A、,一指禅功,云舞阳,
《还剑奇情录》,A、,达摩剑法,云舞阳,
《还剑奇情录》,A、,奔雷掌,云舞阳,
《还剑奇情录》,A、,阴手阳掌,云舞阳,
《还剑奇情录》,A、,八卦游身掌,云舞阳,
《还剑奇情录》,A、,龙吟虎啸功,云舞阳,
《还剑奇情录》,A、,小擒拿手,罗金峰,
《还剑奇情录》,A、,阴阳双撞掌,罗金峰,
《还剑奇情录》,A、,小天星掌力,罗金峰,
《还剑奇情录》,A、,大摔碑手,罗金峰,
《还剑奇情录》,A、,分筋错骨手,罗金峰,
《还剑奇情录》,A、,金刚掌,罗金峰; 上官天野,
《还剑奇情录》,A、,罗汉拳,上官天野,
《还剑奇情录》,A、,太清气功,牟独逸,
《还剑奇情录》,A、,太清神掌,牟独逸,
《还剑奇情录》,A、,铁砂掌,褚英,
《还剑奇情录》,A、,赤砂掌,褚霸,
《还剑奇情录》,A、,五禽掌法,蒲坚,
《还剑奇情录》,A、,七修剑法,七修道人,
《还剑奇情录》,A、,天罡掌法,石天铎,
《还剑奇情录》,A、,寒阴七煞掌,毕凌风,
《还剑奇情录》,A、,少阳玄功,毕凌风; 毕凌虚; 彭莹玉,
《还剑奇情录》,A、,五雷天心掌,智圆; 智弘; 智广; 周桐; 谷钟,
《还剑奇情录》,B、,轻功类,,
《还剑奇情录》,B、,八步赶蝉,陈玄机,
《还剑奇情录》,B、,轻形换影,陈定方; 陈雪梅,
《还剑奇情录》,C、,其他类,,
《还剑奇情录》,C、,千斤坠,云舞阳,
《还剑奇情录》,D、,兵刃暗器,,
《还剑奇情录》,D1、,奇兵利刃,使用者,
《还剑奇情录》,D1、,昆吾剑,陈定方; 云舞阳,
《还剑奇情录》,D1、,乌金玄丝拂尘,太玄道人,
《冰魄寒光剑》,,武功资料,,
《冰魄寒光剑》,A、,攻击类,,
《冰魄寒光剑》,A、,太极手法,桂华生,
《冰魄寒光剑》,A、,大力金刚掌（手）,桂华生,少林派
《冰魄寒光剑》,A、,五禽掌法,桂华生,
《冰魄寒光剑》,A、,达摩剑法,桂华生,
《冰魄寒光剑》,A、,狮子吼功,桂华生,
《冰魄寒光剑》,A、,铁指玄功,桂华生,
《冰魄寒光剑》,A、,大摔碑手,桂华生,
《冰魄寒光剑》,A、,铁琵琶手,桂华生,
《冰魄寒光剑》,A、,八卦游身掌,桂华生,
《冰魄寒光剑》,A、,伏魔剑,桂华生,
《冰魄寒光剑》,A、,大须弥十七式,桂华生,
《冰魄寒光剑》,A、,金刚指,桂华生,
《冰魄寒光剑》,A、,瑜伽气功,桂华生; 摩农,
《冰魄寒光剑》,A、,大力鹰爪功,桂华生; 华玉,
《冰魄寒光剑》,A、,冰川剑法,桂华生; 华玉,
《冰魄寒光剑》,A、,赤神魔掌,赤神子,
《冰魄寒光剑》,A、,阴阳掌力,提摩达多; 及其两个弟子,
《冰魄寒光剑》,A、,百步神拳,方今明,
《冰魄寒光剑》,A、,大擒拿手,无,鹰爪门
《冰魄寒光剑》,A、,伏魔杖法,无,
《冰魄寒光剑》,B、,轻功类,,
《冰魄寒光剑》,B、,一苇渡江,桂华生,
《冰魄寒光剑》,B、,蜻蜓点水,桂华生,
《冰魄寒光剑》,C、,其他类,,
《冰魄寒光剑》,C、,子午流闭血法,邓南遮; 华玉,
《冰魄寒光剑》,C、,昆罗通关大法,龙叶大师,
《冰魄寒光剑》,C、,瑜伽术,雅德星,
《冰魄寒光剑》,C、,千斤坠,桂华生,
《冰魄寒光剑》,D、,兵刃暗器,,
《冰魄寒光剑》,D1、,奇兵利刃,使用者,
《冰魄寒光剑》,D1、,冰魄寒光剑,华玉,
《冰魄寒光剑》,D1、,腾蛟剑,桂华生; 桂仲明,
《冰魄寒光剑》,D2、,独门暗器,使用者,
《冰魄寒光剑》,D2、,冰魄神弹,华玉; 及其侍女,
《冰魄寒光剑》,D2、,紫金盂钵,黄袍僧人,
《冰河洗剑录》,,武功资料,,
《冰河洗剑录》,A、,攻击类,,
《冰河洗剑录》,A、,猴拳,江海天,
《冰河洗剑录》,A、,金弓十八打,杨柳青,
《冰河洗剑录》,A、,阴阳抓,黑衣女子; 江南; 金世遗; 姬晓风; 江海天,
《冰河洗剑录》,A、,印掌,黑衣女子,
《冰河洗剑录》,A、,铁袖功,白衣女子; 天魔教主,
《冰河洗剑录》,A、,小天星掌力,江南; 文道庄; 唐努珠穆,
《冰河洗剑录》,A、,青城剑法,江南; 萧青峰; 辛隐农,青城派
《冰河洗剑录》,A、,冰川剑法,江南; 陈天宇,
《冰河洗剑录》,A、,绵掌,女子甲; 文道庄; 唐努章峰; 缪夫人,
《冰河洗剑录》,A、,小擒拿手,女子乙,
《冰河洗剑录》,A、,修罗阴煞功,女子丙; 女子丁; 姬晓风; 厉复生; 阳赤符; 孟神通,
《冰河洗剑录》,A、,五行拳,无,华山派
《冰河洗剑录》,A、,连环夺命剑,成滔; 胡乾; 抱拙道人,武当派
《冰河洗剑录》,A、,定珠降魔神功,痛禅上人; 大雄禅师,少林派
《冰河洗剑录》,A、,金环掌,姬晓风; 乌天朗; 崆峒派弟子,崆峒派
《冰河洗剑录》,A、,太清气功,青松道人; 金光大师,峨嵋派
《冰河洗剑录》,A、,太虚真经心法,姬晓风,少林派
《冰河洗剑录》,A、,狮子吼功,竺法兰; 印度和尚,
《冰河洗剑录》,A、,龙拳,竺法兰,
《冰河洗剑录》,A、,玄阴指,姬晓风,
《冰河洗剑录》,A、,分牛掌,无,
《冰河洗剑录》,A、,破碑手,无,
《冰河洗剑录》,A、,铁指禅功,江南; 金世遗,
《冰河洗剑录》,A、,（大力）金刚掌,金世遗; 云召; 云璧; 云琼; 印度和尚; 大悲禅师,少林派
《冰河洗剑录》,A、,混元霹雳掌,丘岩,
《冰河洗剑录》,A、,玄女剑法,谷之华; 谷中莲,
《冰河洗剑录》,A、,铁砂掌,无,
《冰河洗剑录》,A、,玄女掌,谷中莲,
《冰河洗剑录》,A、,一指禅功,金世遗; 江海天,
《冰河洗剑录》,A、,金刚不坏神功,金世遗,
《冰河洗剑录》,A、,血印手,文廷璧,
《冰河洗剑录》,A、,拿（拏）云手,金世遗; 龙叶上人; 宝象法师,
《冰河洗剑录》,A、,龙象功,龙叶上人; 宝象法师,
《冰河洗剑录》,A、,大乘般若掌,金世遗; 龙叶上人; 宝象法师; 唐努章峰; 唐努珠穆; 孟神通; 姬晓风; 黑白摩诃,
《冰河洗剑录》,A、,大须弥剑式,江海天; 唐经天; 唐加源,天山派
《冰河洗剑录》,A、,大周天剑法,金世遗,
《冰河洗剑录》,A、,呼魂唤魄大法,阴圣姑,
《冰河洗剑录》,A、,神蛇掌,阴圣姑,
《冰河洗剑录》,A、,混元一炁功,仲长统,
《冰河洗剑录》,A、,飞花摘叶,华天风,
《冰河洗剑录》,A、,大擒拿手,厉复生; 唐经天,
《冰河洗剑录》,A、,流云剑法,华天风,
《冰河洗剑录》,A、,霹雳掌,欧阳仲和; 欧阳伯和,
《冰河洗剑录》,A、,雷神指,欧阳仲和; 欧阳伯和,
《冰河洗剑录》,A、,少阳罡气,欧阳仲和; 欧阳二娘,
《冰河洗剑录》,A、,（大）须弥掌力,江海天; 唐经天,天山派
《冰河洗剑录》,A、,金钢指力,云召; 喇嘛; 江海天; 唐努珠穆; 唐经天,
《冰河洗剑录》,A、,三象归元,文廷璧,
《冰河洗剑录》,A、,追风剑法,江海天; 唐经天; 唐加源,天山派
《冰河洗剑录》,A、,游身八卦掌,姬晓风,
《冰河洗剑录》,A、,连环鸳鸯腿,江南,
《冰河洗剑录》,A、,流云袖,欧阳二娘,
《冰河洗剑录》,A、,无形罡气,江海天; 谷中莲; 唐努珠穆; 孔雀明伦王,
《冰河洗剑录》,A、,弹指神通,江海天; 唐努珠穆,
《冰河洗剑录》,A、,达摩拳法,大悲禅师; 印度和尚,
《冰河洗剑录》,A、,毒血箭,阴圣姑,
《冰河洗剑录》,A、,醉八仙拳法,无,
《冰河洗剑录》,A、,火龙功,景月上人,
《冰河洗剑录》,A、,大玄阴五行气功,符离渐,
《冰河洗剑录》,A、,柔云剑法,华云碧,
《冰河洗剑录》,A、,三才剑法,马良; 马骏; 马驰,
《冰河洗剑录》,A、,吸星掌,金日磾,
《冰河洗剑录》,A、,赤神掌,赤神子,
《冰河洗剑录》,A、,玄冰掌,玉昆仑,
《冰河洗剑录》,A、,化血神功,童姥姥,
《冰河洗剑录》,A、,阴阳双撞掌,文廷璧,
《冰河洗剑录》,A、,伏魔杖法,翼仲牟,
《冰河洗剑录》,B、,轻功类,,
《冰河洗剑录》,B、,天罗步法,黑衣女子; 江南; 金世遗; 姬晓风; 厉复生; 缪夫人; 唐经天; 萧青峰; 谷中莲,青城派
《冰河洗剑录》,B、,八步赶蝉,江海天; 谷中莲,
《冰河洗剑录》,B、,登萍渡水,江海天,
《冰河洗剑录》,B、,陆地飞腾,姬晓风,
《冰河洗剑录》,C、,防御类,,
《冰河洗剑录》,C、,少阳玄功,谷之华; 谷中莲; 江海天; 吕莹,
《冰河洗剑录》,C、,护体神功,江南; 竺法休; 金世遗; 江海天; 唐努章峰; 唐努珠穆; 姬晓风; 孔雀明伦王; 文廷璧; 谷中莲,
《冰河洗剑录》,C、,金钟罩,张铁肩,
《冰河洗剑录》,C、,铁布衫,张铁肩,
《冰河洗剑录》,C、,沾衣十八跌,大悲禅师,
《冰河洗剑录》,C、,卸力化劲,欧阳二娘,
《冰河洗剑录》,D、,其他类,,
《冰河洗剑录》,D、,颠倒穴道,江南; 黄石道人; 江海天,
《冰河洗剑录》,D、,天遁传音,江海天; 姬晓风; 厉复生; 孟神通; 金世遗,
《冰河洗剑录》,D、,瑜伽术,竺法兰; 印度和尚,
《冰河洗剑录》,D、,千斤坠,江海天; 木华黎,
《冰河洗剑录》,D、,天魔解体大法,厉胜男; 江海天; 金世遗,
《冰河洗剑录》,D、,壁虎游墙功,江海天,
《冰河洗剑录》,D、,回春掌,傅青主; 姬晓风,终南派
《冰河洗剑录》,E、,兵刃暗器护甲,,
《冰河洗剑录》,E1、,奇兵利刃,使用者,
《冰河洗剑录》,E1、,金蚕丝袈裟,竺法休,
《冰河洗剑录》,E1、,裁云剑,厉胜男; 金世遗; 江海天,
《冰河洗剑录》,E1、,寒玉尺,厉复生,
《冰河洗剑录》,E1、,温玉箫,玉玲珑,
《冰河洗剑录》,E1、,游龙剑,唐晓澜; 唐经天; 唐加源,
《冰河洗剑录》,E1、,神蛇索,天魔教主,
《冰河洗剑录》,E1、,冰魄寒光剑,桂冰娥,
《冰河洗剑录》,E1、,霜华剑,吕莹; 谷中莲,
《冰河洗剑录》,E2、,护甲,使用者,
《冰河洗剑录》,E2、,白玉甲,江海天; 谷中莲,
《冰河洗剑录》,E3、,独门暗器,使用者,
《冰河洗剑录》,E3、,冰魄神弹,幽萍; 桂冰娥,
《冰河洗剑录》,E3、,毒雾金针烈炎弹,厉胜男; 天魔教主; 缪夫人,
《冰河洗剑录》,E3、,化血神刀,阴圣姑,
《冰河洗剑录》,E3、,毒指环,阴圣姑,
《冰河洗剑录》,E3、,冷炎搜魂,阴圣姑,
《冰河洗剑录》,E3、,铁鸳鸯,韩璇; 韩二娘,
《冰河洗剑录》,E3、,天山神芒,唐晓澜; 唐经天; 唐加源,
《冰河洗剑录》,E3、,金环,童姥姥,
《侠骨丹心》,,武功资料,,
《侠骨丹心》,A、,攻击类,,
《侠骨丹心》,A、,连环夺命剑,秦元浩; 雷震子,武当派
《侠骨丹心》,A、,弹指神通,秦元浩; 金逐流; 江海天; 金世遗,
《侠骨丹心》,A、,三象神功,文廷璧; 文道庄; 文胜中,
《侠骨丹心》,A、,九宫连环掌法,秦元浩,武当派
《侠骨丹心》,A、,混元一炁功,仲长统,丐帮
《侠骨丹心》,A、,空手入白刃,车锐; 史白都; 龚平野; 欧阳坚; 公孙燕; 帅孟雄; 阳浩; 文道庄,
《侠骨丹心》,A、,五虎断门刀法,车锐; 圆海; 罗大魁,
《侠骨丹心》,A、,大乘般若掌,叶慕华; 叶冲霄; 金逐流,
《侠骨丹心》,A、,惊神指法,金逐流; 江海天,
《侠骨丹心》,A、,大须弥剑式,金逐流; 金世遗; 厉南星; 凌未风; 唐晓澜,天山派
《侠骨丹心》,A、,雷神掌,欧阳伯和; 欧阳坚,欧阳家
《侠骨丹心》,A、,玄阴指,龚平野,
《侠骨丹心》,A、,修罗阴煞功,孟神通; 阳赤符; 阳浩; 龚平野,
《侠骨丹心》,A、,阴阳双撞掌,金逐流; 天魔教主; 帅孟雄,
《侠骨丹心》,A、,追风剑法,金逐流; 厉南星,天山派
《侠骨丹心》,A、,铁砂掌,郑雄图,
《侠骨丹心》,A、,一指禅功,金逐流,
《侠骨丹心》,A、,大擒拿手法,文道庄; 何建雄; 金逐流; 厉南星; 史白都; 帅孟雄; 庄远; 阳浩,
《侠骨丹心》,A、,大力鹰爪功,沙千峰; 教头; 安俊庭; 黄衣老者,
《侠骨丹心》,A、,毒砂掌,沙千峰,
《侠骨丹心》,A、,拂云手,何建雄; 金逐流,
《侠骨丹心》,A、,（大力）金刚手,彭巨嵘; 金逐流,少林派
《侠骨丹心》,A、,泼风刀法,何彩凤; 尉迟炯,
《侠骨丹心》,A、,四笔点八脉,连城虎; 连城璧; 连城玉; 金世遗; 金逐流,连家
《侠骨丹心》,A、,醉八仙剑法,宫秉藩; 厉南星; 宇文雄,
《侠骨丹心》,A、,鸳鸯连环腿,帅孟雄; 阳浩,
《侠骨丹心》,A、,冰川剑法,陈光照,
《侠骨丹心》,A、,少阳内功心法,陈光照; 幽萍; 桂冰娥,
《侠骨丹心》,A、,落英掌法,厉南星,
《侠骨丹心》,A、,排云手,金逐流,
《侠骨丹心》,A、,大须弥掌式,金逐流; 厉南星; 江海天; 凌未风; 唐晓澜; 金世遗,天山派
《侠骨丹心》,A、,鸟爪功,贺大娘,
《侠骨丹心》,A、,伏魔杖法,彭巨嵘,少林派
《侠骨丹心》,A、,推磨掌力,史白都,
《侠骨丹心》,A、,三才剑法,文胜中,
《侠骨丹心》,A、,闪电剑法,公孙燕,
《侠骨丹心》,A、,虎爪手,沙千峰,
《侠骨丹心》,A、,连环奔雷掌,庄远,
《侠骨丹心》,A、,绵掌,公孙宏,
《侠骨丹心》,A、,追风掌式,金逐流,
《侠骨丹心》,A、,扶桑剑法,林无双; 石卫; 桑青; 牟宗涛; 宗神龙,扶桑派
《侠骨丹心》,A、,四平拳,金世遗,
《侠骨丹心》,B、,防御类,,
《侠骨丹心》,B、,护体神功,文道庄; 金逐流; 史白都; 扶桑七子,
《侠骨丹心》,B、,童子功,金逐流,
《侠骨丹心》,B、,金钟罩,郑雄图,
《侠骨丹心》,B、,沾衣十八跌,史红英,史家
《侠骨丹心》,C、,轻功类,,
《侠骨丹心》,C、,天罗步法,金逐流; 厉南星; 萧青峰,青城派
《侠骨丹心》,C、,八步赶蝉,金逐流,
《侠骨丹心》,C、,一鹤冲天,金逐流,
《侠骨丹心》,C、,比翼双飞,金逐流; 史红英,
《侠骨丹心》,C、,醉八仙步法,史红英,
《侠骨丹心》,D、,其他类,,
《侠骨丹心》,D、,天魔解体大法,龚平野; 文道庄,
《侠骨丹心》,D、,千斤坠,厉南星; 金逐流; 沙千峰; 牟宗涛,
《侠骨丹心》,D、,天遁传音,金逐流,
《侠骨丹心》,E、,兵刃暗器,,
《侠骨丹心》,E1、,奇兵利刃,使用者,
《侠骨丹心》,E1、,玄铁剑,厉南星; 金逐流,
《侠骨丹心》,E1、,冰魄寒光剑,陈光照,
《侠骨丹心》,E1、,金蛇索,石霞姑,
《侠骨丹心》,E1、,黑玉软剑,文道庄,
《侠骨丹心》,E1、,霜华剑,史红英; 谷之华; 吕莹,
《侠骨丹心》,E2、,独门暗器,使用者,
《侠骨丹心》,E2、,冰魄神弹,幽萍; 陈光照,
《侠骨丹心》,E2、,响梭,董十三娘,
《侠骨丹心》,E2、,金针毒雾烈炎弹,厉胜男; 厉南星; 贺大娘; 史红英; 李敦,
《侠骨丹心》,E2、,五毒针,贺大娘,
《侠骨丹心》,E2、,小鼓槌,何彩凤,
《龙虎斗京华》,,武功资料,,
《龙虎斗京华》,A、,攻击类,,
《龙虎斗京华》,A、,太极剑,柳剑吟; 丁剑鸣; 太极丁; 娄无畏; 丁晓; 张三丰; 陈永承,太极门
《龙虎斗京华》,A、,太极拳（绵拳）,柳剑吟; 丁剑鸣; 太极丁; 娄无畏; 丁晓; 刘云玉; 杨振刚; 柳梦蝶,太极门
《龙虎斗京华》,A、,太极掌,丁剑鸣; 娄无畏; 丁晓,太极门
《龙虎斗京华》,A、,七星掌,柳梦蝶; 左含英; 柳剑吟,太极门
《龙虎斗京华》,A、,无极剑法,蒙永真; 钟海平,形意门
《龙虎斗京华》,A、,形意拳,钟海平,形意门
《龙虎斗京华》,A、,岳家拳,王再越,
《龙虎斗京华》,A、,鸳鸯（进步连）环腿,罗四虎; 宏真,
《龙虎斗京华》,A、,劈挂掌法,罗四虎,北派
《龙虎斗京华》,A、,五虎断门刀,刘云玉; 刘云英; 娄无畏,万胜门
《龙虎斗京华》,A、,五虎夺魄掌法,娄无畏,
《龙虎斗京华》,A、,回环刀法,刘云玉,
《龙虎斗京华》,A、,梅花枪法,罗大虎,
《龙虎斗京华》,A、,达摩剑法,蒙永真; 壮汉; 心如神尼; 柳梦蝶,嵩阳派
《龙虎斗京华》,A、,虎尾棍法,蒙永真,
《龙虎斗京华》,A、,泼风刀法,刘希宏,万胜门
《龙虎斗京华》,A、,金枪二十四式,刘云玉,
《龙虎斗京华》,A、,大擒拿手法,独孤一行; 娄无畏,鹰爪门
《龙虎斗京华》,A、,擒拿法,独孤一行; 娄无畏; 董朝英; 郝永浩,鹰爪门
《龙虎斗京华》,A、,小天星掌力,独孤一行; 董朝英; 郝永浩; 柳剑吟,
《龙虎斗京华》,A、,飞鹰回旋剑,独孤一行; 娄无畏,
《龙虎斗京华》,A、,虬龙鞭法,云中奇,
《龙虎斗京华》,A、,金刚（大力）手,慧修; 宏真,
《龙虎斗京华》,A、,铁沙掌,慧修,少林派
《龙虎斗京华》,A、,铁砂掌,中年汉子,
《龙虎斗京华》,A、,绵掌,柳剑吟,
《龙虎斗京华》,A、,天龙剑法,萨奇罕,
《龙虎斗京华》,A、,混元八卦牌法,路怀亮,山西路家
《龙虎斗京华》,A、,铁琵琶掌法,达什巴图鲁,少林派
《龙虎斗京华》,A、,醉八仙拳,无,
《龙虎斗京华》,A、,金豹掌,宏真,少林派
《龙虎斗京华》,A、,地堂拳,卢继宗,
《龙虎斗京华》,A、,黑沙掌,无,少林派
《龙虎斗京华》,A、,红沙掌,无,少林派
《龙虎斗京华》,A、,金沙掌,无,少林派
《龙虎斗京华》,A、,铁扫帚,无,少林派
《龙虎斗京华》,A、,般若掌,无,少林派
《龙虎斗京华》,A、,长拳,无,少林派
《龙虎斗京华》,A、,大力千斤拳,噶布尔,
《龙虎斗京华》,A、,罗汉拳,噶布尔,
《龙虎斗京华》,A、,大摔碑手,噶布尔,
《龙虎斗京华》,A、,袁公剑法,岳君雄,
《龙虎斗京华》,A、,梅花拳,姜翼贤; 卓不凡,梅花拳（义和拳）
《龙虎斗京华》,A、,五行拳,章汉泽; 李家骏; 桑镜桐; 中年汉子,五行拳
《龙虎斗京华》,A、,蝴蝶掌,翦二先生; 何耀文,蝴蝶掌
《龙虎斗京华》,A、,八卦掌,叶澄清,八卦掌
《龙虎斗京华》,B、,防御类,,
《龙虎斗京华》,B、,金钟罩,无,
《龙虎斗京华》,C、,轻功类,,
《龙虎斗京华》,C、,细胸巧翻云,王再越,形意门
《龙虎斗京华》,C、,八步赶蝉,柳梦蝶; 丁晓; 娄无畏,
《龙虎斗京华》,D、,其他类,,
《龙虎斗京华》,D、,滚地堂,丁剑鸣; 柳剑吟; 娄无畏,北派
《龙虎斗京华》,E、,兵刃暗器,,
《龙虎斗京华》,E1、,奇兵利刃,使用者,
《龙虎斗京华》,E1、,蛟筋虬龙鞭,云中奇,
《龙虎斗京华》,E1、,丹凤剑,丁晓,
《龙虎斗京华》,E1、,灵犀镢,唐万川,
《龙虎斗京华》,E1、,藤蛇棒,宗达陀,
《龙虎斗京华》,E2、,独门暗器,使用者,
《龙虎斗京华》,E2、,牟尼珠镖,柳梦蝶; 心如神尼,
《龙虎斗京华》,E2、,金钱镖,柳剑吟; 丁剑鸣; 太极丁; 娄无畏; 丁晓; 柳梦蝶,
《龙虎斗京华》,E2、,唐门蒺藜,唐万川,
《龙虎斗京华》,E2、,子母弹,唐万川,
《龙虎斗京华》,E2、,蛇炎箭,唐万川,
《飞凤潜龙》,,武功资料,,
《飞凤潜龙》,A、,攻击类,,
《飞凤潜龙》,A、,太祖长拳,赵匡胤,
《飞凤潜龙》,A、,二圣棒,赵匡胤; 赵匡义,
《飞凤潜龙》,A、,金刚指力,完颜定国,
《飞凤潜龙》,A、,惊神笔法,完颜定国; 完颜长之,
《飞凤潜龙》,B、,兵刃,,
《飞凤潜龙》,B、,奇兵利刃,使用者,
《飞凤潜龙》,B、,绿玉杖,完颜定国; 完颜长之,
《绝塞传烽录》,,武功资料,,
《绝塞传烽录》,A、,攻击类,,
《绝塞传烽录》,A、,六阳手,杨大姑; 杨炎; 齐世杰; 杨牧,杨家
《绝塞传烽录》,A、,铁布衫,卫长青,
《绝塞传烽录》,A、,大摔碑手,卫长青,
《绝塞传烽录》,A、,绵掌,卫长青,
《绝塞传烽录》,A、,龙象功,齐世杰; 段剑青; 尔朱荣; 奢罗法师; 迦象,
《绝塞传烽录》,A、,龙爪手,杨炎; 龙则灵,龙家
《绝塞传烽录》,A、,小天星掌力,乌苏台; 江上云,
《绝塞传烽录》,A、,大擒拿手,乌苏台,
《绝塞传烽录》,A、,尉迟鞭,周霸,
《绝塞传烽录》,A、,弹指神通,乌苏台; 尔朱荣; 杨炎; 宇文博; 孟华,
《绝塞传烽录》,A、,追风剑法,杨炎; 丁兆鸣; 石清泉; 江上云; 甘武维; 韩英华; 孟华,天山派
《绝塞传烽录》,A、,（大力）金刚手,皇甫嵩; 缪长风,少林派
《绝塞传烽录》,A、,六合刀法,司马玄,
《绝塞传烽录》,A、,大须弥剑式,杨炎; 孟华,天山派
《绝塞传烽录》,A、,扫叶掌法,杨炎; 萧逸客; 龙灵珠,
《绝塞传烽录》,A、,苦恼拳,沐天澜,沐家
《绝塞传烽录》,A、,铁琵琶手,沐天澜; 支剑峰; 韩威武,
《绝塞传烽录》,A、,鹤膊手,沐天澜,
《绝塞传烽录》,A、,六合拳,齐世杰,六合派
《绝塞传烽录》,A、,护体神功,宇文博; 齐世杰,
《绝塞传烽录》,A、,明驼掌法,宇文雷,
《绝塞传烽录》,A、,伏虎拳,戴京,
《绝塞传烽录》,A、,狮子吼功,孟华; 缪长风; 杨炎; 优昙大师,
《绝塞传烽录》,A、,大须弥掌式,孟华; 杨炎; 江上云; 唐嘉源,
《绝塞传烽录》,A、,连环夺命剑法,孟华; 丹丘生,崆峒派
《绝塞传烽录》,A、,醉八仙剑法,杨炎,
《绝塞传烽录》,A、,太清气功,缪长风,
《绝塞传烽录》,A、,火焰刀,宇文博; 司马铁,
《绝塞传烽录》,A、,寒冰掌,宇文博,
《绝塞传烽录》,A、,擒龙抓,杨炎; 龙则灵,
《绝塞传烽录》,A、,伏魔掌法,武毅,丐帮
《绝塞传烽录》,A、,铁袖神功,缪长风,
《绝塞传烽录》,A、,修罗阴煞功,孟神通,
《绝塞传烽录》,A、,冰川剑法,齐世杰; 冷冰儿; 玉玲珑,
《绝塞传烽录》,A、,龙象剑法,杨炎,
《绝塞传烽录》,A、,龙形十八剑,杨炎; 龙则灵,
《绝塞传烽录》,A、,大力鹰爪功,卫托平,
《绝塞传烽录》,A、,鸳鸯连环腿,孟华,
《绝塞传烽录》,A、,江家剑法,江上云,
《绝塞传烽录》,B、,防御类,,
《绝塞传烽录》,B、,少阳神功,孟华; 杨炎; 钟展; 冷冰儿,
《绝塞传烽录》,B、,泥鳅功,穆欣欣,
《绝塞传烽录》,B、,沾衣十八跌,杨炎; 孟华; 缪长风,
《绝塞传烽录》,C、,轻功类,,
《绝塞传烽录》,C、,八步赶蝉,杨炎; 丁兆鸣,
《绝塞传烽录》,C、,明驼千里,宇文博,
《绝塞传烽录》,C、,踏雪无痕,张逍遥,
《绝塞传烽录》,C、,比翼双飞,杨炎; 龙灵珠,
《绝塞传烽录》,D、,其他类,,
《绝塞传烽录》,D、,大挪移神功,释湛; 齐世杰; 尔朱荣,烂陀寺
《绝塞传烽录》,D、,迷魂术,穆欣欣,
《绝塞传烽录》,D、,瑜迦术,尔朱荣,
《绝塞传烽录》,D、,天遁传音,杨炎,
《绝塞传烽录》,D、,天魔解体大法,宇文博,
《绝塞传烽录》,D、,龟息功,迦象; 段剑青,
《绝塞传烽录》,D、,七星阵,白驼山弟子,
《绝塞传烽录》,E、,兵刃暗器,,
《绝塞传烽录》,E1、,奇兵利刃,使用者,
《绝塞传烽录》,E1、,冰魄寒光剑,冷冰儿,
《绝塞传烽录》,E2、,独门暗器,使用者,
《绝塞传烽录》,E2、,天山神芒,陆敢当; 杨炎,
《绝塞传烽录》,E2、,冰魄神弹,冷冰儿,
《绝塞传烽录》,E2、,毒雾金针烈炎弹,段剑青; 宇文雷,
《白发魔女传》,,武功资料,,
《白发魔女传》,A、,攻击类,,
《白发魔女传》,A、,铁砂掌,西川双煞,
《白发魔女传》,A、,大擒拿手,耿绍南; 范筑; 金独异; 蒙面人,武当派
《白发魔女传》,A、,九宫神行掌,卓一航; 辛龙子,武当派
《白发魔女传》,A、,连环（夺命）剑,耿绍南; 卓一航; 红云道人; 白石道人,武当派
《白发魔女传》,A、,绵掌,练霓裳; 悟净; 慕容冲; 公孙大娘,少林派
《白发魔女传》,A、,五虎断门刀,黑衣卫士,
《白发魔女传》,A、,蹑云剑法,王照希,石家
《白发魔女传》,A、,鹰爪功,慕容冲; 成章五,
《白发魔女传》,A、,泼风剑法,卓一航,
《白发魔女传》,A、,大力金刚手,范筑,
《白发魔女传》,A、,披风剑,赵挺,嵩阳派
《白发魔女传》,A、,追风剑法,霍天都; 岳鸣珂,天山派
《白发魔女传》,A、,阴风毒砂掌,金千岩; 金独异; 郝建昌; 公孙大娘; 蒙面人,
《白发魔女传》,A、,五丁开山掌法,卓一航,
《白发魔女传》,A、,柔功,云燕平,西藏密宗
《白发魔女传》,A、,擒拿十八掌,云燕平,
《白发魔女传》,A、,撑椽手,无,岳家
《白发魔女传》,A、,阴阳双撞掌,铁飞龙; 悟净,
《白发魔女传》,A、,太极拳,无,太极派
《白发魔女传》,A、,雷霆八卦掌,铁飞龙,
《白发魔女传》,A、,鹤膊手,黄叶道人,
《白发魔女传》,A、,鸳鸯连环腿,红云道人; 李岩; 卓一航,武当派
《白发魔女传》,A、,龙形十八式,胡国柱,昆仑派
《白发魔女传》,A、,黑虎拳,胡国柱,
《白发魔女传》,A、,伏魔杖法,天元和尚,少林派
《白发魔女传》,A、,大摔碑手,铁飞龙; 神大元; 神一元,
《白发魔女传》,A、,太乙玄功,公孙大娘,
《白发魔女传》,A、,峨嵋剑法,龙啸云; 李申时,峨嵋派
《白发魔女传》,A、,达摩剑法,卓一航,武当派
《白发魔女传》,A、,伏虎拳,焦化,
《白发魔女传》,A、,七煞掌,神大元; 神一元,
《白发魔女传》,A、,野（铁）狐拳,神大元; 神一元,
《白发魔女传》,A、,毒砂掌,神大元; 神一元,
《白发魔女传》,A、,七擒掌,铁飞龙,
《白发魔女传》,A、,降龙伏虎拳,慕容冲,峨嵋派
《白发魔女传》,A、,劈挂掌,陕西盗首,北派
《白发魔女传》,A、,七绝诛魂剑,桑乾,
《白发魔女传》,A、,大力金钢杵,桑弧,
《白发魔女传》,A、,阴阳劈风掌,桑仁,
《白发魔女传》,A、,旋风剑法,练霓裳,
《白发魔女传》,A、,天龙剑法,天德上人,
《白发魔女传》,A、,连环掌法,成章五,
《白发魔女传》,B、,防御类,,
《白发魔女传》,B、,铁布衫,慕容冲,
《白发魔女传》,B、,童子功,杨云骢; 楚昭南,
《白发魔女传》,B、,沾衣十八跌,岳鸣珂,
《白发魔女传》,C、,轻功类,,
《白发魔女传》,C、,八步赶蝉,白石道人,
《白发魔女传》,C、,太极十三势,张三丰,太极派
《白发魔女传》,D、,其他类,,
《白发魔女传》,D、,千斤坠,岳鸣珂; 天德山人,
《白发魔女传》,D、,易筋缩骨,神大元; 神一元,
《白发魔女传》,D、,七绝诛魔阵,应修阳; 郑洪台; 卓一航; 赵挺; 范筑; 凌霄; 青松道人,
《白发魔女传》,E、,兵刃暗器,,
《白发魔女传》,E1、,奇兵利刃,使用者,
《白发魔女传》,E1、,寒光剑,卓一航,
《白发魔女传》,E1、,游龙剑,岳鸣珂,
《白发魔女传》,E1、,断玉剑,杨云骢,
《白发魔女传》,E1、,龙泉剑,岳鸣珂,
《白发魔女传》,E1、,金丝手套,岳鸣珂,
《白发魔女传》,E2、,独门暗器,使用者,
《白发魔女传》,E2、,九星定形针,练霓裳; 哈玛雅,
《白发魔女传》,E2、,鸳鸯枕,玄通,
《白发魔女传》,E2、,赤毒珠,公孙大娘,
《白发魔女传》,E2、,滚刀环,雷蒙法师,
《武林天骄》,,武功资料,,
《武林天骄》,A、,攻击类,,
《武林天骄》,A、,（大力）鹰爪功,檀公直; 哈必图; 车缭; 南宫造,
《武林天骄》,A、,弹指神通,檀公直; 耶律玄元; 檀羽冲,
《武林天骄》,A、,迷踪掌法,哈必图,
《武林天骄》,A、,大力金刚掌,哈必图,
《武林天骄》,A、,金刚指,哈必图; 完颜鉴; 昆布禅师,少林派
《武林天骄》,A、,伏虎拳,檀羽冲,
《武林天骄》,A、,六合刀法,檀羽冲,
《武林天骄》,A、,纯阳罡气,檀羽冲; 耶律玄元,
《武林天骄》,A、,狮子吼功,耶律玄元,
《武林天骄》,A、,空手入白刃,耶律玄元; 帅克殷; 赫连清波; 钟灵秀,
《武林天骄》,A、,地堂刀,短小精悍的汉子,
《武林天骄》,A、,滚地掌,短小精悍的汉子,
《武林天骄》,A、,八卦游身掌,赫连清波,
《武林天骄》,A、,绵掌,哈必图,
《武林天骄》,A、,龙爪手（擒龙手）,哈必图,
《武林天骄》,A、,大摔碑手,哈必图,
《武林天骄》,A、,化血刀,昆布禅师,
《武林天骄》,A、,惊神笔法,完颜定国,
《武林天骄》,A、,大擒拿手法,向天冲; 门客; 檀羽冲,
《武林天骄》,A、,铁沙掌,沙老三,
《武林天骄》,A、,双笔点四脉,孟天游,
《武林天骄》,A、,二笔点双脉,铁一笔,
《武林天骄》,A、,伏魔杖法,白云禅师,少林派
《武林天骄》,A、,血砂掌,赤松道人,
《武林天骄》,A、,天罡剑法,檀羽冲,
《武林天骄》,A、,小天星掌力,帅克殷,
《武林天骄》,A、,阴阳五行掌,金超岳,
《武林天骄》,A、,修罗阴煞功,金超岳,
《武林天骄》,A、,雷神掌,金超岳,
《武林天骄》,A、,狂草（书）笔法,文逸凡,
《武林天骄》,A、,楷书笔法,文逸凡,
《武林天骄》,A、,石鼓文笔法,文逸凡,
《武林天骄》,A、,五虎断门刀法,濮阳刚,保定府田家
《武林天骄》,A、,混元一炁功,风火龙; 尚昆阳; 朱丹鹤,
《武林天骄》,A、,分筋错骨手法,马天行; 崔浩; 门客,
《武林天骄》,A、,霹雳掌,石雷,
《武林天骄》,A、,柔云剑法,赫连清云,
《武林天骄》,B、,防御类,,
《武林天骄》,B、,沾衣十八跌,耶律玄元; 赫连清波; 檀羽冲; 文逸凡,
《武林天骄》,B、,铁布衫,黑道高手,
《武林天骄》,B、,金钟罩,无,
《武林天骄》,B、,金刚不坏身法,无,
《武林天骄》,B、,护体神功,无,
《武林天骄》,C、,轻功类,,
《武林天骄》,C、,天罗步法,耶律玄元,
《武林天骄》,C、,八步赶蝉,无,
《武林天骄》,C、,醉八仙步法,鲍三娘子,
《武林天骄》,D、,其他类,,
《武林天骄》,D、,天魔解体大法,檀公直,
《武林天骄》,D、,挪移穴道,檀羽冲,
《武林天骄》,D、,千斤坠,檀羽冲,
《武林天骄》,D、,大周天吐纳法,檀羽冲,
《武林天骄》,E、,兵刃暗器,,
《武林天骄》,E1、,奇兵利刃,使用者,
《武林天骄》,E1、,暖玉箫,耶律玄元; 檀羽冲,
《武林天骄》,E1、,金丝手套,帅克殷,
《武林天骄》,E1、,绿玉杖,完颜定国,
《武林天骄》,E2、,独门暗器,使用者,
《武林天骄》,E2、,毒香雾弹,赫连清波,
《武林天骄》,E2、,毒雾金针烈焰弹,赫连清波,
《萍踪侠影录》,,武功资料,,
《萍踪侠影录》,A、,进攻类,,
《萍踪侠影录》,A、,伏魔杖法,潮音和尚; 玄机逸士,
《萍踪侠影录》,A、,达摩剑法,云蕾,武当派
《萍踪侠影录》,A、,太极剑,云蕾,
《萍踪侠影录》,A、,蹑云剑法,石英; 石翠凤,
《萍踪侠影录》,A、,三阳剑,无,
《萍踪侠影录》,A、,（大力）金刚手法,董岳; 玄机逸士; 云重; 张丹枫,
《萍踪侠影录》,A、,（大力）鹰爪功,董岳; 玄机逸士; 云重; 澹台大娘; 麻翼赞; 沙无忌; 沙涛,
《萍踪侠影录》,A、,八卦游身掌,石翠凤,
《萍踪侠影录》,A、,毒砂掌,沙涛; 沙无忌,
《萍踪侠影录》,A、,迷踪拳,无,北派
《萍踪侠影录》,A、,连环夺命剑,松石道人; 赤霞道人,武当派
《萍踪侠影录》,A、,万流朝海元元剑法,谢天华; 张丹枫,
《萍踪侠影录》,A、,百变阴阳玄机剑法,叶盈盈; 云蕾; 谢天华,
《萍踪侠影录》,A、,天摩杖法,黑摩诃; 白摩诃,
《萍踪侠影录》,A、,五虎断门刀法,张风府; 云重,
《萍踪侠影录》,A、,（大）擒拿手法,贯仲; 毕道凡,
《萍踪侠影录》,A、,潜龙护宝盘旋十八打棒法,毕道凡,
《萍踪侠影录》,A、,缠身十八打棍法,毕道凡,
《萍踪侠影录》,A、,长拳,杨威,
《萍踪侠影录》,A、,铁琵琶手（掌）法,澹台灭明; 上官天野; 乌蒙夫,
《萍踪侠影录》,A、,绵掌,张风府,
《萍踪侠影录》,A、,弹指神通,董岳,
《萍踪侠影录》,A、,铁指铜琶,澹台灭明,
《萍踪侠影录》,A、,混元牌法,路明; 路亮,
《萍踪侠影录》,A、,罗汉拳,澹台灭明; 上官天野,
《萍踪侠影录》,A、,吴钩剑法,澹台灭明; 上官天野; 林韵仙,
《萍踪侠影录》,A、,一指禅功,上官天野; 乌蒙夫,
《萍踪侠影录》,A、,毒龙掌,郭洪,
《萍踪侠影录》,A、,风雷剑法,额吉多,
《萍踪侠影录》,A、,大力神拳,两条大汉,
《萍踪侠影录》,A、,阴风毒砂掌,沙无忌; 赤神子,
《萍踪侠影录》,A、,太极拳,张丹枫,
《萍踪侠影录》,A、,百变玄机掌法,张丹枫,
《萍踪侠影录》,A、,大须弥剑法,张丹枫,
《萍踪侠影录》,A、,轰雷掌,石英,
《萍踪侠影录》,A、,流云袖法,叶盈盈,
《萍踪侠影录》,A、,空手入白刃,上官天野,
《萍踪侠影录》,A、,南岳剑法,澹台镜明,
《萍踪侠影录》,A、,赤砂掌,沙无忌,
《萍踪侠影录》,B、,防御类,,
《萍踪侠影录》,B、,童子功,无,
《萍踪侠影录》,B、,沾衣十八跌,毕道凡; 陆展鹏,
《萍踪侠影录》,B、,铁布衫,杨威; 白山法师,
《萍踪侠影录》,B、,金钟罩,康超海,
《萍踪侠影录》,C、,轻功类,,
《萍踪侠影录》,C、,穿花绕树,云蕾,
《萍踪侠影录》,C、,蹑云步法,石英; 石翠凤,
《萍踪侠影录》,D、,其他类,,
《萍踪侠影录》,D、,磨盘功,黑摩诃,
《萍踪侠影录》,D、,瑜伽术,黑摩诃,
《萍踪侠影录》,D、,千斤坠,云蕾; 毕道凡; 张丹枫,
《萍踪侠影录》,E、,兵刃暗器,,
《萍踪侠影录》,E1、,奇兵利刃,使用者,
《萍踪侠影录》,E1、,白云剑,谢天华; 张丹枫,
《萍踪侠影录》,E1、,青冥剑,叶盈盈; 云蕾,
《萍踪侠影录》,E1、,白玉杖,白摩诃,
《萍踪侠影录》,E1、,绿玉杖,黑摩诃,
《萍踪侠影录》,E1、,降龙棒,毕道凡,
《萍踪侠影录》,E2、,独门暗器,使用者,
《萍踪侠影录》,E2、,梅花蝴蝶镖,云蕾; 叶盈盈,
《萍踪侠影录》,E2、,飞蝗石,石英,
《萍踪侠影录》,E2、,火灵珠,郝宝椿,
《萍踪侠影录》,E2、,毒龙钉,郭洪,
《萍踪侠影录》,E2、,九星定形针,叶盈盈,
《七剑下天山》,,武功资料,,
《七剑下天山》,A、,攻击类,,
《七剑下天山》,A、,无极剑法,凌未风; 傅青主; 刘郁芳; 单思南; 张华昭,终南派
《七剑下天山》,A、,绞刀法,满洲大汉,
《七剑下天山》,A、,无极掌,冒浣莲,
《七剑下天山》,A、,风雷剑法,多铎; 齐真君; 邱东洛,
《七剑下天山》,A、,（大力）鹰爪功,阎中天; 桂天澜; 桂仲明; 路明; 路亮,北派
《七剑下天山》,A、,（八卦）游身掌法,武琼瑶; 凌未风; 尚云亭,终南派
《七剑下天山》,A、,大力千斤拳,两个喇嘛,
《七剑下天山》,A、,截手法,凌未风,
《七剑下天山》,A、,长拳,教头甲; 侍卫,
《七剑下天山》,A、,达摩掌法,韩志邦; 辛龙子; 凌未风,
《七剑下天山》,A、,达摩剑法,辛龙子; 桂仲明; 张华昭,
《七剑下天山》,A、,达摩拳,辛龙子,
《七剑下天山》,A、,八卦紫金刀法,韩志邦; 单思南,
《七剑下天山》,A、,钩镰刀,单思南,
《七剑下天山》,A、,绵掌,晦鸣禅师; 桂天澜; 桂仲明,
《七剑下天山》,A、,摩云剑法,范铮,南派
《七剑下天山》,A、,罗汉拳,保柱,少林派
《七剑下天山》,A、,分筋错骨手法,傅青主,
《七剑下天山》,A、,九宫神行掌,石天成; 卓一航,武当派
《七剑下天山》,A、,鸳鸯连环腿,石天成; 卓一航; 辛龙子,
《七剑下天山》,A、,铁沙掌,葛中龙; 张一虎,
《七剑下天山》,A、,地堂腿,葛中龙,
《七剑下天山》,A、,五行拳,葛中龙; 钱四麟,
《七剑下天山》,A、,无极拳,傅青主,
《七剑下天山》,A、,流云飞袖,傅青主,
《七剑下天山》,A、,铁指禅,傅青主,
《七剑下天山》,A、,五禽剑法,石大娘; 桂仲明; 叶云荪,
《七剑下天山》,A、,吴钩剑法,申天虎; 申天豹; 洪四把子,
《七剑下天山》,A、,天魔（龙）杖法,韩荆,
《七剑下天山》,A、,空手入白刃,陆亮; 凌未风,
《七剑下天山》,A、,大擒拿手法,楚昭南; 纳兰明慧,
《七剑下天山》,A、,蹑云（十三）剑法,石振天,
《七剑下天山》,A、,小天星掌力,孟武威,
《七剑下天山》,A、,追风剑法,楚昭南; 易兰珠,天山派
《七剑下天山》,A、,寒涛剑法,凌未风,天山派
《七剑下天山》,A、,须弥剑法,楚昭南; 凌未风,天山派
《七剑下天山》,A、,须弥掌,凌未风,天山派
《七剑下天山》,A、,天龙掌法,扎布伦寺的大喇嘛; 教头乙; 天雄,
《七剑下天山》,A、,大摔碑手,凌未风; 石天成,
《七剑下天山》,A、,飞云袖底剑,傅青主,
《七剑下天山》,A、,（大力）金刚（散）手,王刚; 天雄,
《七剑下天山》,A、,金钢大力手法,凌未风; 桑弧,
《七剑下天山》,A、,天龙剑,六个喇嘛,
《七剑下天山》,A、,太极拳,无,
《七剑下天山》,A、,七绝诛魄剑,桑乾,
《七剑下天山》,A、,阴阳劈风掌,桑仁,
《七剑下天山》,A、,大力金钢杵,桑弧,
《七剑下天山》,A、,百步神拳,凌未风,
《七剑下天山》,A、,铁琵琶掌力,凌未风,
《七剑下天山》,B、,防御类,,
《七剑下天山》,B、,铁布衫,红衣喇嘛; 石天成; 达吐司; 傅青主; 韩荆,
《七剑下天山》,B、,童子功,凌未风,
《七剑下天山》,B、,金钟罩,无,
《七剑下天山》,C、,轻功类,,
《七剑下天山》,C、,八步赶蝉,凌未风,
《七剑下天山》,C、,盘陀功,卢大楞子,
《七剑下天山》,E、,暗器兵刃,,
《七剑下天山》,E1、,奇兵利刃,使用者,
《七剑下天山》,E1、,断玉剑,杨云骢; 易兰珠,
《七剑下天山》,E1、,游龙剑,楚昭南,
《七剑下天山》,E1、,天虹剑,冒浣莲,
《七剑下天山》,E1、,腾蛟剑,桂仲明,
《七剑下天山》,E1、,降龙杖,张华昭,
《七剑下天山》,E2、,独门暗器,使用者,
《七剑下天山》,E2、,锦云兜,刘郁芳,
《七剑下天山》,E2、,九星定行针,武琼瑶,
《七剑下天山》,E2、,白眉针,武琼瑶; 练霓裳,
《七剑下天山》,E2、,蝴蝶镖,李思永,
《七剑下天山》,E2、,天山神芒,凌未风,
《七剑下天山》,E2、,夺命神砂,冒浣莲,
《江湖三女侠》,,武功资料,,
《江湖三女侠》,A、,攻击类,,
《江湖三女侠》,A、,追风剑法,唐晓澜; 周青; 冯广潮; 凌未风; 易兰珠; 冯瑛,天山派
《江湖三女侠》,A、,（混元）无极剑法,钟万堂; 傅青主; 年羹尧; 冯琳,无极派
《江湖三女侠》,A、,六合枪,余大桩; 冯广潮; 冯英奇; 王陵,
《江湖三女侠》,A、,凳拐,允祯,少林派
《江湖三女侠》,A、,五虎断门刀,杨柳青; 马昆,
《江湖三女侠》,A、,乱披风剑法,玄风道长,
《江湖三女侠》,A、,大摔碑手,陈元霸; 天叶散人; 甘凤池,
《江湖三女侠》,A、,分筋错骨手,陈元霸; 天叶散人; 甘凤池; 了因,
《江湖三女侠》,A、,（大力）金刚（大力）手,萨天都; 允祯; 甘凤池,西藏魔教
《江湖三女侠》,A、,猫鹰爪,萨天剌,
《江湖三女侠》,A、,伏魔杖法,了因,
《江湖三女侠》,A、,荡魔杖法,了因,
《江湖三女侠》,A、,天魔杖法,了因,
《江湖三女侠》,A、,玄女剑法,吕莹; 独臂神尼,
《江湖三女侠》,A、,五行拳,邹锡九,
《江湖三女侠》,A、,鸳鸯连环腿,邹锡九; 了因,
《江湖三女侠》,A、,铁掌,杨柳青; 杨仲英; 唐晓澜,杨家
《江湖三女侠》,A、,大擒拿手法,唐晓澜; 萨天都; 甘凤池; 侯三变; 尚少亭; 额音和布; 昆甸上人,
《江湖三女侠》,A、,凌云掌,杨柳青,杨家
《江湖三女侠》,A、,空手入白刃,吕莹; 白泰官; 了因; 海云和尚,
《江湖三女侠》,A、,铁砂掌,孟武功; 王奋,
《江湖三女侠》,A、,狮子吼功,哈布陀,
《江湖三女侠》,A、,伏魔拐法,玄风道长,
《江湖三女侠》,A、,（大）须弥剑式,易兰珠; 唐晓澜; 冯瑛,天山派
《江湖三女侠》,A、,达摩剑法,桂仲明; 冯琳; 允祯; 冒广生; 桂华生,少林派
《江湖三女侠》,A、,伏虎棍法,允祯,少林派
《江湖三女侠》,A、,罗汉伏虎拳,允祯; 年羹尧; 本无大师; 了因,
《江湖三女侠》,A、,灵山掌法,天叶散人,灵山派
《江湖三女侠》,A、,铁沙掌,杨仲英,
《江湖三女侠》,A、,铁指禅,本无大师,少林派
《江湖三女侠》,A、,擒拿夺命手,钟万堂,无极派
《江湖三女侠》,A、,金刚指力,易兰珠; 了因; 额音和布,
《江湖三女侠》,A、,辟云锄法,韩重山,
《江湖三女侠》,A、,寒涛剑法,唐晓澜; 易兰珠,天山派
《江湖三女侠》,A、,太极拳,凌岳,太极派
《江湖三女侠》,A、,黑虎拳,曹元朗,
《江湖三女侠》,A、,猴拳,尚少亭,
《江湖三女侠》,A、,岳家散拳,岳钟琪,
《江湖三女侠》,A、,太祖拳,冯琳,北派
《江湖三女侠》,A、,流云（星）袖法,傅青主; 武成化,无极派
《江湖三女侠》,A、,小天星掌力,云大鹏,
《江湖三女侠》,A、,雕手,云大鹏,
《江湖三女侠》,A、,风车手,云大鹏; 霍玉堂,
《江湖三女侠》,A、,长拳,唐晓澜,
《江湖三女侠》,A、,游龙掌,唐晓澜,
《江湖三女侠》,A、,风雷剑法,车辟邪,长白山派
《江湖三女侠》,A、,八卦游身掌,董巨川,
《江湖三女侠》,A、,八卦游身刀,甘凤池,
《江湖三女侠》,A、,盘龙刀法,白泰官,
《江湖三女侠》,A、,八卦紫金刀,路民瞻,
《江湖三女侠》,A、,龙形八掌,李治,
《江湖三女侠》,A、,无极掌法,冯琳,
《江湖三女侠》,A、,连环无影脚,允祯,
《江湖三女侠》,A、,五禽掌法,桂华生,
《江湖三女侠》,A、,鹰爪功,虬髯汉子,
《江湖三女侠》,A、,飞龙掌,毒龙尊者,
《江湖三女侠》,A、,马回回锤法,哈布陀,
《江湖三女侠》,A、,迷踪掌法,甘凤池; 昆甸上人,西藏红教
《江湖三女侠》,A、,南天剑法,海云和尚; 冯琳,
《江湖三女侠》,A、,磨身掌,唐金峰,
《江湖三女侠》,B、,防御类,,
《江湖三女侠》,B、,童子功,冯琳,
《江湖三女侠》,B、,沾衣十八跌,甘凤池; 了因; 天叶散人; 哈布陀,
《江湖三女侠》,B、,金钟罩,额音和布; 昆甸上人,
《江湖三女侠》,B、,铁布衫,额音和布; 允祀,
《江湖三女侠》,C、,轻功类,,
《江湖三女侠》,C、,八步赶蝉,甘凤池,
《江湖三女侠》,C、,登萍渡水,吕莹,
《江湖三女侠》,C、,陆地飞行,吕莹,
《江湖三女侠》,C、,猫鹰扑击,萨天剌; 冯琳,
《江湖三女侠》,D、,其他类,,
《江湖三女侠》,D、,敛精内视,易兰珠; 练霓裳; 吕莹,
《江湖三女侠》,D、,千斤坠,甘凤池; 唐晓澜,
《江湖三女侠》,E、,兵刃暗器护甲,,
《江湖三女侠》,E1、,奇兵利刃,使用者,
《江湖三女侠》,E1、,游龙剑,楚昭南; 唐晓澜,
《江湖三女侠》,E1、,断玉剑,易兰珠; 冯瑛,
《江湖三女侠》,E1、,霜华剑,吕莹,
《江湖三女侠》,E1、,降龙杖,易兰珠; 张华昭,
《江湖三女侠》,E1、,荡魔杖,了因,
《江湖三女侠》,E2、,独门暗器,使用者,
《江湖三女侠》,E2、,夺命神刀,钟万堂; 冯琳; 年羹尧,
《江湖三女侠》,E2、,夺命神砂,冒浣莲,
《江湖三女侠》,E2、,天山神芒,凌未风,
《江湖三女侠》,E2、,飞芒,周青; 冯广潮; 唐晓澜; 冯瑛,
《江湖三女侠》,E2、,血滴子,红衣喇嘛; 哈布陀; 雷海音; 血滴子,
《江湖三女侠》,E2、,钢环,柳先开,
《江湖三女侠》,E2、,回环钩,韩重山,
《江湖三女侠》,E2、,寒光飞钹,韩重山,
《江湖三女侠》,E2、,七煞白眉针,王敖; 唐金峰,
《江湖三女侠》,E3、,护甲,使用者,
《江湖三女侠》,E3、,金丝软甲,冯瑛,
《幻剑灵旗》,,武功资料,,
《幻剑灵旗》,A、,攻击类,,
《幻剑灵旗》,A、,分筋错骨手法,宇文浩; 武鹰扬,
《幻剑灵旗》,A、,乱披风剑法,齐漱玉,
《幻剑灵旗》,A、,混元无极剑,天权真人,
《幻剑灵旗》,A、,蹑云剑法,穆志遥,穆家
《幻剑灵旗》,A、,大金刚手,翦千崖; 翦一山; 慕容垂,
《幻剑灵旗》,A、,绵掌,翦千崖; 翦一山; 慕容垂,
《幻剑灵旗》,A、,龙爪手,卫天元; 齐燕然; 天玑道人,
《幻剑灵旗》,A、,寒冰掌,慕容垂; 宇文雷; 司空照,
《幻剑灵旗》,A、,火焰刀,慕容垂; 宇文雷; 司空照,
《幻剑灵旗》,A、,幻剑,上官飞凤; 上官云龙,
《幻剑灵旗》,A、,通臂拳,司马都,
《幻剑灵旗》,A、,小擒拿手法,徐中岳; 武鹰扬,
《幻剑灵旗》,A、,弹指神通,丁勃; 上官云龙,
《幻剑灵旗》,A、,疯魔杖,印新磨,
《幻剑灵旗》,A、,地堂刀,卢志高,
《幻剑灵旗》,A、,擒龙手,卫天元,
《幻剑灵旗》,A、,大力鹰爪功,武鹰扬,
《幻剑灵旗》,A、,狮子吼功,齐勒铭,
《幻剑灵旗》,A、,大摔碑手,申洪; 卫天元,
《幻剑灵旗》,A、,双笔点四脉,南宫旭,山西连家
《幻剑灵旗》,A、,惊神笔法,楚天舒,
《幻剑灵旗》,A、,连环夺命剑法,玉虚子,武当派
《幻剑灵旗》,B、,轻功类,,
《幻剑灵旗》,B、,醉八仙步法,齐漱玉,
《幻剑灵旗》,B、,踏雪无痕,上官云龙; 上官飞凤,
《幻剑灵旗》,C、,其他类,,
《幻剑灵旗》,C、,天魔解体大法,齐燕然; 上官云龙; 穆志遥,
《幻剑灵旗》,C、,大周天吐纳法,卫天元; 上官云龙,
《幻剑灵旗》,C、,五行剑阵,玉真子; 玉玄子; 玉洞子; 玉虚子; 冲灵,
《幻剑灵旗》,D、,兵刃暗器,,
《幻剑灵旗》,D1、,奇兵利刃,使用者,
《幻剑灵旗》,D1、,寒玉剑,上官云龙,
《幻剑灵旗》,D1、,钝剑,齐燕然,
《幻剑灵旗》,D2、,独门暗器,使用者,
《幻剑灵旗》,D2、,毒雾金针子母弹,穆好好; 宇文浩,
《幻剑灵旗》,D2、,毒雾金针烈焰弹,穆欣欣,
《幻剑灵旗》,D2、,夺命神砂,穆欣欣,
《瀚海雄风》,,武功资料,,
《瀚海雄风》,A、,攻击类,,
《瀚海雄风》,A、,达摩剑法,李思南,少林派
《瀚海雄风》,A、,达摩掌法,李思南,
《瀚海雄风》,A、,游身八卦掌,李思南,
《瀚海雄风》,A、,拂云手,呼黎奢,
《瀚海雄风》,A、,金弓十八打,木华黎; 哲别,
《瀚海雄风》,A、,扫叶刀法,杨滔,峨嵋派
《瀚海雄风》,A、,扫（落）叶剑法,杨滔,峨嵋派
《瀚海雄风》,A、,般若掌法,李思南,少林派
《瀚海雄风》,A、,连环夺命剑法,李思南; 柳洞天; 张元吉; 乔元壮; 季元伦; 梁元献,武当派
《瀚海雄风》,A、,空手入白刃,杨滔; 杨婉; 阳坚白; 淳于周; 张寨主; 谷涵虚; 速不台,峨嵋派
《瀚海雄风》,A、,大力金刚掌,谷平阳; 崔镇山,少林派
《瀚海雄风》,A、,追魂夺命剑法,屠龙,
《瀚海雄风》,A、,（大力）鹰爪功,韩超; 白万雄; 武士,
《瀚海雄风》,A、,铁砂掌,阳坚白; 罗俊,
《瀚海雄风》,A、,劈山刀,胡劲节,
《瀚海雄风》,A、,蹑云剑,孟明霞,
《瀚海雄风》,A、,乱环剑诀,孟明霞,
《瀚海雄风》,A、,五行拳,周镇海,
《瀚海雄风》,A、,鸳鸯连环腿,宋铁轮,
《瀚海雄风》,A、,大摔碑手,董开山; 熊庄主; 谷涵虚; 韩大维,
《瀚海雄风》,A、,绵掌,柳洞天; 窦安平; 屠百城; 乔元壮; 严声涛; 阳坚白; 姓周的; 白万雄,
《瀚海雄风》,A、,醉八仙剑法,柳洞天,
《瀚海雄风》,A、,天雷功（掌）,褚云峰; 阳坚白; 谷涵虚; 阳天雷; 华天虹; 耿天风,
《瀚海雄风》,A、,小擒拿手法,屠龙; 阳坚白; 杨婉,
《瀚海雄风》,A、,大擒拿手法,乔元壮; 白万雄; 孟少刚; 褚云峰,
《瀚海雄风》,A、,游身八卦刀法,白千胜,
《瀚海雄风》,A、,泼风刀法,黑石道人,
《瀚海雄风》,A、,龙爪手,窦安平; 孟少刚,
《瀚海雄风》,A、,弹指神通,孟少刚,少林派
《瀚海雄风》,A、,伏虎拳,李思南,
《瀚海雄风》,A、,罗汉拳,李思南,
《瀚海雄风》,A、,分筋错骨手法,白万雄,
《瀚海雄风》,A、,龙象功,龙象法王; 呼黎奢; 阿卜卢; 龙象法王的四个弟子,
《瀚海雄风》,A、,惊神剑法,韩佩瑛,
《瀚海雄风》,A、,杨令公金刀刀法,杨婉,
《瀚海雄风》,A、,五虎断门刀,刘琼姑,
《瀚海雄风》,A、,打狗棒法,陆昆仑,
《瀚海雄风》,B、,防御类,,
《瀚海雄风》,B、,沾衣十八跌,阳坚白; 谷涵虚,
《瀚海雄风》,B、,铁布衫,勿奢,
《瀚海雄风》,C、,轻功类,,
《瀚海雄风》,C、,八步赶蝉,李思南; 褚云峰,
《瀚海雄风》,C、,移步换形,李思南; 孟明霞; 淳于周,
《瀚海雄风》,C、,踏雪无痕,姓鲁的,
《瀚海雄风》,C、,穿花绕树,杨婉,
《瀚海雄风》,C、,醉八仙步法,李思南,
《瀚海雄风》,D、,其他类,,
《瀚海雄风》,D、,千斤坠,宋铁轮; 孟少刚; 贺九公,
《瀚海雄风》,E、,独门暗器,使用者,
《瀚海雄风》,E、,毒龙镖,屠百城; 龙刚; 屠峰; 屠龙; 石璞,
《冰川天女传》,,武功资料,,
《冰川天女传》,A、,攻击类,,
《冰川天女传》,A、,青城剑法,陈天宇,青城派
《冰川天女传》,A、,达摩剑法,桂仲明; 桂冰娥; 辛龙子; 闲云道人; 陈天宇; 雷震子,
《冰川天女传》,A、,披风拐法,甘凤池; 吕青,
《冰川天女传》,A、,连环夺命鸳鸯脚,麦永明,形意门
《冰川天女传》,A、,流星赶月追风剑,麦永明,形意门
《冰川天女传》,A、,灵山掌,红衣喇嘛,
《冰川天女传》,A、,连环夺命剑法,雷震子; 游一鄂,武当派
《冰川天女传》,A、,七阴掌,刺客,
《冰川天女传》,A、,伏魔杖法,独臂神尼; 了因; 吕青,
《冰川天女传》,A、,瑜伽气功（术）,红衣番僧; 苦行僧; 德鲁奇,
《冰川天女传》,A、,柔功,红衣番僧; 桑青娘; 黄石道人,西藏密宗
《冰川天女传》,A、,小擒拿手法,赵灵君; 唐经天,崆峒派
《冰川天女传》,A、,冰川剑法,幽萍; 陈天宇; 桂冰娥; 桂华生; 华玉; 冰宫侍女,
《冰川天女传》,A、,迷踪拳,赵灵君,崆峒派
《冰川天女传》,A、,达摩掌法,幽萍,
《冰川天女传》,A、,大力金刚手法,武氏兄弟; 唐经天,
《冰川天女传》,A、,无极剑法,武氏兄弟,
《冰川天女传》,A、,招魂十八招剑法,龙灵矫,
《冰川天女传》,A、,天竺杖法,苦行僧; 及其五个弟子,
《冰川天女传》,A、,流云飞袖,龙灵矫,
《冰川天女传》,A、,血神掌,血（赤）神子,
《冰川天女传》,A、,大须弥剑式,唐经天; 钟展,天山派
《冰川天女传》,A、,追风剑式,唐经天,天山派
《冰川天女传》,A、,乱披风剑法,武氏兄弟,终南派
《冰川天女传》,A、,飞绳解腕,冯琳; 喀儿巴,西藏红教
《冰川天女传》,A、,铁指禅功,唐经天,
《冰川天女传》,A、,鸳鸯连环腿法,唐经天,
《冰川天女传》,A、,五行拳,邹锡九,
《冰川天女传》,A、,唐家掌法,唐端,唐家
《冰川天女传》,A、,吹云劲,唐经天,天山派
《冰川天女传》,A、,九宫八卦（连环）掌,雷震子,武当派
《冰川天女传》,A、,离火坎水掌法,郝中浩,
《冰川天女传》,A、,金刚指,桂冰娥; 冯琳,
《冰川天女传》,A、,神魔抓法,洞冥子,
《冰川天女传》,A、,大擒拿手,唐经天,
《冰川天女传》,A、,金刚捉妖手法,两个护法喇嘛,
《冰川天女传》,A、,弹指神通,白教法王,
《冰川天女传》,A、,五丁开山掌法,唐经天,
《冰川天女传》,A、,天魔杖法,苦行僧,
《冰川天女传》,A、,百步神拳,白教法王,
《冰川天女传》,A、,金弓十八打,唐赛花,
《冰川天女传》,A、,阴阳五行掌力,佟古拉; 阿罗斯; 提摩达多; 及其四个弟子,
《冰川天女传》,A、,追风掌式,唐经天,天山派
《冰川天女传》,A、,大须弥掌式,唐经天,天山派
《冰川天女传》,A、,一指禅,冯瑛,
《冰川天女传》,A、,大力鹰爪功,唐晓澜,
《冰川天女传》,B、,防御类,,
《冰川天女传》,B、,金钟罩,三个白教喇嘛; 谷石君,
《冰川天女传》,B、,铁布衫,云灵子,
《冰川天女传》,B、,沾衣十八跌,桂冰娥; 唐经天,
《冰川天女传》,C、,轻功类,,
《冰川天女传》,C、,登萍渡水,云灵子; 桑青娘; 桂冰娥,
《冰川天女传》,C、,陆地飞腾,无,
《冰川天女传》,C、,猫鹰扑击,李沁梅; 冯琳; 萨天都; 萨天剌,
《冰川天女传》,C、,穿花绕树,江南,
《冰川天女传》,D、,其他类,,
《冰川天女传》,D、,千斤坠,陈天宇; 金世遗; 唐经天,
《冰川天女传》,D、,摘叶飞花,冯琳; 唐经天,
《冰川天女传》,D、,壁虎游墙功,唐经天; 唐晓澜,
《冰川天女传》,D、,潜精内现,易兰珠; 吕莹,
《冰川天女传》,D、,潜心魔而归真,冯琳,西藏红教
《冰川天女传》,D、,子午流闭血法,史密夫,
《冰川天女传》,D、,颠倒穴道,黄石道人; 江南,
《冰川天女传》,D、,九天玄女阵,冰宫侍女,
《冰川天女传》,D、,大天罗杖阵,苦行僧; 及其五个弟子,
《冰川天女传》,D、,四象剑阵,玄武; 玄涵; 两个武当道士,武当派
《冰川天女传》,D、,九宫八卦阵,叶天任; 灵山派八个弟子,
《冰川天女传》,E、,兵刃暗器护甲,,
《冰川天女传》,E1、,奇兵利刃,使用者,
《冰川天女传》,E1、,游龙剑,唐经天,
《冰川天女传》,E1、,冰魄寒光剑,桂冰娥; 幽萍; 冰宫侍女,
《冰川天女传》,E2、,独门暗器,使用者,
《冰川天女传》,E2、,冰魄神弹,桂冰娥; 幽萍; 冰宫侍女; 芝娜,
《冰川天女传》,E2、,天山神芒,唐经天,
《冰川天女传》,E2、,毒龙针（钉）,金世遗,
《冰川天女传》,E2、,七煞夺命神针,金世遗,
《冰川天女传》,E3、,护甲,使用者,
《冰川天女传》,E3、,金丝软甲,唐经天,
《云海玉弓缘》,,武功资料,,
《云海玉弓缘》,A、,攻击类,,
《云海玉弓缘》,A、,冰川剑法,陈天宇; 幽萍; 江南; 桂华生; 华玉; 桂冰娥,
《云海玉弓缘》,A、,大擒拿手法,唐经天; 江南; 金世遗; 灭法和尚; 南宫乙; 司空化; 两个邙山弟子,
《云海玉弓缘》,A、,五行拳,邹锡九,
《云海玉弓缘》,A、,金弓十八招,杨仲英; 邹绛霞,
《云海玉弓缘》,A、,盘龙拐法,许大猷,
《云海玉弓缘》,A、,铁砂掌,郭从龙; 方君雄,
《云海玉弓缘》,A、,青城剑法,萧青峰; 江南,青城派
《云海玉弓缘》,A、,醉八仙,萧青峰; 江南,
《云海玉弓缘》,A、,凌空点穴,达摩,
《云海玉弓缘》,A、,雷电棒法,金日磾,
《云海玉弓缘》,A、,玄女剑法,谷之华; 吕莹,
《云海玉弓缘》,A、,大手印,昆仑散人,
《云海玉弓缘》,A、,（大力）金刚掌（手）,金世遗; 大悲禅师; 孟神通; 呼延旭; 屠刚,少林派
《云海玉弓缘》,A、,大摔碑手,寇方皋,
《云海玉弓缘》,A、,铁袖功,桑木姥; 灭法和尚; 冯琳,
《云海玉弓缘》,A、,柔功,桑木姥; 桑青娘,西藏密宗
《云海玉弓缘》,A、,老鼠功,无,
《云海玉弓缘》,A、,追风剑式,钟展; 李沁梅; 唐经天,天山派
《云海玉弓缘》,A、,大须弥剑式,钟展; 李沁梅; 唐经天; 桂冰娥; 冯瑛; 唐晓澜,天山派
《云海玉弓缘》,A、,修罗阴煞功,厉胜男; 孟神通; 厉盼归; 项鸿; 吴蒙; 郝浩; 阳赤符,
《云海玉弓缘》,A、,伏魔杖法,翼仲牟; 独臂神尼; 了因; 灭法和尚; 吕青,
《云海玉弓缘》,A、,神拐十八打,金世遗; 毒龙尊者,
《云海玉弓缘》,A、,连环夺命剑法,谢云真; 雷震子,武当派
《云海玉弓缘》,A、,铁指禅功,金世遗; 唐经天,
《云海玉弓缘》,A、,铁琵琶掌,曹锦儿,
《云海玉弓缘》,A、,罗汉（五行神）拳,丘元甲; 大悲禅师; 阿罗尊者; 黄衣人; 怀真,少林派
《云海玉弓缘》,A、,小擒拿手法,厉胜男; 谷之华,
《云海玉弓缘》,A、,玄女掌法,谷之华,
《云海玉弓缘》,A、,小天星掌力,厉胜男; 谷之华; 孟神通; 寇方皋,
《云海玉弓缘》,A、,弹指神通,灭法和尚; 金世遗,
《云海玉弓缘》,A、,空手入白刃,灭法和尚; 金日磾; 冯瑛,
《云海玉弓缘》,A、,乱披风刀法,秦岱,
《云海玉弓缘》,A、,大力鹰爪功,白良骥,
《云海玉弓缘》,A、,鬼爪,桑木姥,
《云海玉弓缘》,A、,金刚指力,乔北溟; 寇方皋,
《云海玉弓缘》,A、,催精迷神手法,孟神通,
《云海玉弓缘》,A、,天罡掌,韩荫樵; 辛隐农,青城派
《云海玉弓缘》,A、,天遁剑,韩荫樵; 辛隐农,青城派
《云海玉弓缘》,A、,狮子吼功,阿罗尊者; 金世遗; 怀真,
《云海玉弓缘》,A、,瑜伽功夫,阿罗尊者,
《云海玉弓缘》,A、,太清气（玄）功,金光大师; 凌霄子,
《云海玉弓缘》,A、,闯少林拳,无住禅师; 大悲禅师,少林派
《云海玉弓缘》,A、,降龙刀法,阿罗尊者,
《云海玉弓缘》,A、,降龙伏象功,阿罗尊者,
《云海玉弓缘》,A、,坎离剑法,坎离岛主; 屠昭明,
《云海玉弓缘》,A、,流云飞袖,阳赤符; 冯瑛; 金世遗,
《云海玉弓缘》,A、,阴阳（白骨）抓,阳赤符; 孟神通; 姬晓风,
《云海玉弓缘》,A、,金刚般若神功,孟神通,
《云海玉弓缘》,A、,逍遥指,孟神通,
《云海玉弓缘》,A、,一指禅功,痛禅上人,少林派
《云海玉弓缘》,A、,分筋错骨手,齐天乐; 随从甲,
《云海玉弓缘》,A、,游身八卦掌,孟神通,
《云海玉弓缘》,A、,拂云手,金光大师; 厉胜男; 金世遗; 寇方皋,
《云海玉弓缘》,A、,玄阴指,厉胜男; 姬晓风; 孟神通,
《云海玉弓缘》,A、,蹑云剑法,辛隐农,
《云海玉弓缘》,A、,毒血掌,释道安,
《云海玉弓缘》,A、,红砂手,姓韩的,
《云海玉弓缘》,A、,游龙刀法,云中现,游龙刀
《云海玉弓缘》,A、,黑虎拳,万应常; 厉胜男; 金世遗,黑虎拳
《云海玉弓缘》,A、,先天太乙神功,司空化,全真派
《云海玉弓缘》,A、,阴手阳掌,南宫乙,
《云海玉弓缘》,A、,绵掌,柳三春; 唐晓澜,
《云海玉弓缘》,A、,大藏掌血印手,无非大师; 金世遗,黄教
《云海玉弓缘》,A、,四笔点八脉,连城玉; 连城宝; 金世遗,连家
《云海玉弓缘》,A、,降龙手,翼仲牟,丐帮
《云海玉弓缘》,A、,鸳鸯连环腿,随从乙,
《云海玉弓缘》,A、,降龙伏虎掌,符离渐,
《云海玉弓缘》,A、,太行五玄阴气功,符离渐,
《云海玉弓缘》,A、,峨嵋刀法,韩夫人,峨嵋派
《云海玉弓缘》,A、,反天山剑法,冯琳; 练霓裳,
《云海玉弓缘》,A、,摧心掌,姬晓风,
《云海玉弓缘》,A、,厉声夺魄,孟神通,
《云海玉弓缘》,A、,定珠降魔,痛禅上人,
《云海玉弓缘》,A、,金环掌,乌天朗,崆峒派
《云海玉弓缘》,A、,探骊指法,金世遗; 毒龙尊者,
《云海玉弓缘》,B、,防御类,,
《云海玉弓缘》,B、,少阳神功,谷之华; 吕莹; 翼仲牟; 曹锦儿; 白英杰,
《云海玉弓缘》,B、,童子功,陈天宇; 厉盼归,
《云海玉弓缘》,B、,金钟罩,云灵子; 金世遗; 南宫旭,
《云海玉弓缘》,B、,铁布衫,云灵子,
《云海玉弓缘》,B、,沾衣十八跌,翼仲牟; 灭法和尚; 孟神通; 金世遗; 甘凤池,邙山派
《云海玉弓缘》,B、,金刚不坏身法,痛禅上人; 大悲禅师; 怀真,少林派
《云海玉弓缘》,B、,须弥芥子功,赞密法师,
《云海玉弓缘》,B、,混元气功,齐天乐,
《云海玉弓缘》,C、,轻功类,,
《云海玉弓缘》,C、,陆地飞腾,金世遗,
《云海玉弓缘》,C、,猫鹰扑击,冯琳,
《云海玉弓缘》,C、,移步（形）换形（步）,冯琳; 阳赤符,
《云海玉弓缘》,C、,天罗步法,韩隐樵; 阳赤符; 孟神通; 辛隐农; 厉胜男; 姬晓风,青城派
《云海玉弓缘》,C、,八步赶蝉,唐经天; 冯琳,
《云海玉弓缘》,C、,穿花绕树,无,
《云海玉弓缘》,C、,龟藏豹隐身法,乌天朗,
《云海玉弓缘》,C、,踏雪无痕,金世遗,
《云海玉弓缘》,C、,燕子三抄水,金世遗,
《云海玉弓缘》,C、,登云纵,孟神通,
《云海玉弓缘》,D、,其他类,,
《云海玉弓缘》,D、,颠倒穴道,江南; 黄石道人; 厉胜男,
《云海玉弓缘》,D、,千斤坠,灭法和尚; 金世遗; 唐经天; 阿罗尊者; 连城玉,
《云海玉弓缘》,D、,壁虎游墙功,金世遗; 厉胜男; 厉盼归,
《云海玉弓缘》,D、,缩骨功,金世遗; 厉盼归,
《云海玉弓缘》,D、,大周天吐纳练气法,厉盼归,
《云海玉弓缘》,D、,天魔解体大法,厉胜男; 孟神通; 厉盼归之母,
《云海玉弓缘》,D、,天遁传音,孟神通; 金世遗; 厉胜男,
《云海玉弓缘》,D、,摘叶飞花,冯琳,
《云海玉弓缘》,D、,九宫八卦阵,松石道人; 凌一瓢; 郭嘉谟; 六名武当弟子,武当派
《云海玉弓缘》,D、,归藏解穴神功,冯琳,红教
《云海玉弓缘》,E、,兵刃暗器护甲,,
《云海玉弓缘》,E1、,奇兵利刃,使用者,
《云海玉弓缘》,E1、,冰魄寒光剑,桂冰娥,
《云海玉弓缘》,E1、,游龙剑,唐晓澜; 唐经天; 凌未风,
《云海玉弓缘》,E1、,裁云剑,厉胜男,
《云海玉弓缘》,E1、,寒光（玉、冰）剑,幽萍; 冰宫侍女,
《云海玉弓缘》,E1、,霜华剑,吕莹; 谷之华,
《云海玉弓缘》,E1、,玄铁拐剑,金世遗,
《云海玉弓缘》,E1、,玄铁刀,阿罗尊者,
《云海玉弓缘》,E1、,怪棒,金日磾,
《云海玉弓缘》,E1、,坎离剑,屠昭明,
《云海玉弓缘》,E1、,乌金玄丝拂尘,凌霄子,
《云海玉弓缘》,E1、,天蚕丝手套,乌天朗,
《云海玉弓缘》,E2、,独门暗器,使用者,
《云海玉弓缘》,E2、,冰魄神弹,桂冰娥; 幽萍; 江南,
《云海玉弓缘》,E2、,天山神芒,唐晓澜; 唐经天; 钟展; 凌未风,
《云海玉弓缘》,E2、,冷焰镖,孟神通,
《云海玉弓缘》,E2、,毒龙针,金世遗,
《云海玉弓缘》,E2、,毒雾金针火（烈）焰弹,厉胜男,
《云海玉弓缘》,E2、,五毒散,西门牧野; 厉胜男,
《云海玉弓缘》,E2、,玉弓玉箭,厉胜男,
《云海玉弓缘》,E3、,护甲,使用者,
《云海玉弓缘》,E3、,寒玉软甲,厉胜男,
《塞外奇侠传》,,武功资料,,
《塞外奇侠传》,A、,攻击类,,
《塞外奇侠传》,A、,铁指禅,杨云骢,
《塞外奇侠传》,A、,回旋连环剑法,杨云骢,天山派
《塞外奇侠传》,A、,大擒拿手,杨云骢,
《塞外奇侠传》,A、,大摔碑手,杨云骢,
《塞外奇侠传》,A、,寒涛剑法,杨云骢,天山派
《塞外奇侠传》,A、,空手入白刃,杨云骢,
《塞外奇侠传》,A、,风雷（刀）剑法,齐真君; 邱东洛,长白山派
《塞外奇侠传》,A、,天龙掌法,天龙禅师; 巴拉,天龙派
《塞外奇侠传》,A、,天龙剑法,天龙禅师,天龙派
《塞外奇侠传》,A、,伏虎拳,焦化,北派
《塞外奇侠传》,B、,防御类,,
《塞外奇侠传》,B、,铁布衫,杨云骢,
《塞外奇侠传》,B、,沾衣十八跌,杨云骢,
《塞外奇侠传》,C、,轻功类,,
《塞外奇侠传》,C、,八步赶蝉,杨云骢; 楚昭南; 罗大洪,
《塞外奇侠传》,C、,细胸巧翻云,杨云骢; 哈玛雅,
《塞外奇侠传》,D、,其他类,,
《塞外奇侠传》,D、,天龙剑阵,天蒙禅师; 天华和尚; 十七名天龙派高手,天龙派
《塞外奇侠传》,E、,奇兵利刃,使用者,
《塞外奇侠传》,E、,游龙剑,楚昭南,
《塞外奇侠传》,E、,断玉剑,杨云骢,
《草莽龙蛇传》,,武功资料,,
《草莽龙蛇传》,A、,攻击类,,
《草莽龙蛇传》,A、,梅花剑法,姜凤琼; 朱红灯; 卓不凡,梅花门
《草莽龙蛇传》,A、,梅花奇门刀法,姜翼贤; 卓不凡,梅花门
《草莽龙蛇传》,A、,梅花拳,丁晓; 姜凤琼; 姜翼贤; 卓不凡,梅花门
《草莽龙蛇传》,A、,太极十三剑,太极丁; 丁晓; 娄无畏; 金华; 陈保明; 陈永传; 柳剑吟,太极门
《草莽龙蛇传》,A、,太极掌,太极丁; 陈保明; 柳剑吟,太极门
《草莽龙蛇传》,A、,太极拳,太极丁; 陈保英; 柳剑吟; 丁晓; 陈永承; 杨班侯,太极门
《草莽龙蛇传》,A、,太极枪法,陈清平; 丁晓,太极门
《草莽龙蛇传》,A、,十八罗汉手,司空照,少林派
《草莽龙蛇传》,A、,空手入白刃,丁剑鸣; 丁晓; 朱红灯; 司空照; 姜凤琼; 王再越,
《草莽龙蛇传》,A、,截手法,朱红灯,
《草莽龙蛇传》,A、,分筋错骨手法,焦仲耀,
《草莽龙蛇传》,A、,通臂拳,焦仲耀,
《草莽龙蛇传》,A、,八仙剑法,黑面少年,
《草莽龙蛇传》,A、,迷踪拳,上官瑾,武当派
《草莽龙蛇传》,A、,三棱透骨锥法,沙鸣远,山西路家
《草莽龙蛇传》,A、,萨回回棍法,白贞一; 马堡主,
《草莽龙蛇传》,A、,天龙十八掌法,董绍堂,
《草莽龙蛇传》,A、,劈挂掌,董绍堂,
《草莽龙蛇传》,A、,八卦游身掌,司空照,
《草莽龙蛇传》,A、,金枪十（廿）四式,司空照; 雄朗,
《草莽龙蛇传》,A、,六合刀,方复汉,
《草莽龙蛇传》,A、,达摩剑法,心如神尼,
《草莽龙蛇传》,A、,蝴蝶掌法,翦二先生,蝴蝶掌
《草莽龙蛇传》,A、,龙吟杖法,沙守义,
《草莽龙蛇传》,A、,董派刀法,王子铭,山西董派
《草莽龙蛇传》,A、,地堂刀,清宫一等卫士,
《草莽龙蛇传》,A、,单刀法,杜真娘,武当派
《草莽龙蛇传》,A、,六阳刀法,卓不凡; 马堡主,
《草莽龙蛇传》,A、,小天星掌力,柳剑吟,
《草莽龙蛇传》,A、,五虎断门刀法,刘希宏,万胜门
《草莽龙蛇传》,A、,锯齿镰刀法,铁大鼎; 单思南,
《草莽龙蛇传》,B、,防御类,,
《草莽龙蛇传》,B、,铁布衫,上官瑾,
《草莽龙蛇传》,C、,轻功类,,
《草莽龙蛇传》,C、,登萍渡水,姜凤琼; 董绍堂; 沙鸣远; 白贞一; 上官瑾,
《草莽龙蛇传》,C、,八步赶蝉,丁晓; 上官瑾,
《草莽龙蛇传》,C、,陆地飞腾,丁晓,
《草莽龙蛇传》,C、,太极行功,丁晓; 柳剑吟; 陈永传,太极门
《草莽龙蛇传》,E、,兵刃暗器,,
《草莽龙蛇传》,E1、,奇兵利刃,使用者,
《草莽龙蛇传》,E1、,龙纹剑,姜凤琼,
《草莽龙蛇传》,E1、,单凤剑,丁晓,
《草莽龙蛇传》,E1、,龙吟剑,石达开; 司空照; 朱红灯,
《草莽龙蛇传》,E1、,五虎断门刀,刘希宏,
《草莽龙蛇传》,E2、,独门暗器,使用者,
《草莽龙蛇传》,E2、,金钱镖,太极丁; 丁剑鸣; 丁晓,
《草莽龙蛇传》,E2、,牟尼珠镖,心如神尼,
《草莽龙蛇传》,E2、,七煞针,白贞一,
《草莽龙蛇传》,E2、,梅花透骨钉,上官瑾,
《狂侠天骄魔女》,,武功资料,,
《狂侠天骄魔女》,A、,攻击类,,
《狂侠天骄魔女》,A、,虎尾棍法,武士甲; 手执长枪的军官,
《狂侠天骄魔女》,A、,青海哈回子枪法,武士甲,
《狂侠天骄魔女》,A、,虬龙鞭法,阿骨打,
《狂侠天骄魔女》,A、,青城剑法,秦弄玉,青城派
《狂侠天骄魔女》,A、,霹雳掌,秦重; 金超岳,
《狂侠天骄魔女》,A、,滚地堂,耿照; 林深渊,
《狂侠天骄魔女》,A、,天龙剑法,耿照; 耿仲,
《狂侠天骄魔女》,A、,天龙鞭法,北宫黝; 赫连清波; 金鼎娘,
《狂侠天骄魔女》,A、,蹑云剑法,耿仲; 耿照; 秦弄玉,
《狂侠天骄魔女》,A、,天罡拂尘,柳清瑶; 玉珊瑚,
《狂侠天骄魔女》,A、,隔空点穴,柳清瑶; 公孙奇,
《狂侠天骄魔女》,A、,（大力）金刚掌,云仲玉; 华谷涵; 公孙奇; 柳元甲; 竺迪罗; 武士敦; 尚昆阳; 麻大哈; 弥难; 沙衍流; 弥度; 鲁阳戈,丐帮、少林派
《狂侠天骄魔女》,A、,游身八卦刀法,丁立,
《狂侠天骄魔女》,A、,伏虎拳,孟钊,
《狂侠天骄魔女》,A、,大衍八式,耿照; 桑白虹; 桑青虹; 公孙奇; 孟钊,
《狂侠天骄魔女》,A、,洪家刀,瞎了一眼的汉子,
《狂侠天骄魔女》,A、,五行拳,孟钊; 班建侯,
《狂侠天骄魔女》,A、,弹指神通,柳清瑶; 玉珊瑚; 公孙奇; 柳元宗; 檀羽冲; 柳元甲; 宇文化及; 青灵子,
《狂侠天骄魔女》,A、,大擒拿手法,玉珊瑚; 柳元甲; 檀羽冲; 公孙奇; 华谷涵; 沙衍流; 猛鹫上人; 辛莽原; 兀赤; 呼韩邪,灵山派
《狂侠天骄魔女》,A、,金刚指,东园望; 竺迪罗; 耶律元宜,
《狂侠天骄魔女》,A、,铁袖神功,华谷涵; 太乙,
《狂侠天骄魔女》,A、,开山掌,盘大王,
《狂侠天骄魔女》,A、,柔云剑法,柳清瑶; 玉珊瑚; 公孙奇; 陆玳瑁,
《狂侠天骄魔女》,A、,纯阳罡气,檀羽冲; 宇文化及,
《狂侠天骄魔女》,A、,腐骨掌,公孙奇,桑家
《狂侠天骄魔女》,A、,化血刀,公孙奇; 柳元甲,桑家
《狂侠天骄魔女》,A、,五虎断门刀,快马韩,
《狂侠天骄魔女》,A、,乱披风拐法,铁拐李,
《狂侠天骄魔女》,A、,西歧剑法,西门业,
《狂侠天骄魔女》,A、,混元一炁功,东园望; 杜永良; 宇文化及; 尊胜法王; 乌蒙; 兀赤; 呼图赫; 呼韩邪,
《狂侠天骄魔女》,A、,修罗阴煞功,金超岳; 金鼎娘,
《狂侠天骄魔女》,A、,玄阴指,金超岳; 太乙,
《狂侠天骄魔女》,A、,雷神掌,金超岳,
《狂侠天骄魔女》,A、,雷神指,金超岳,
《狂侠天骄魔女》,A、,阴阳五行掌,金超岳; 金鼎娘,
《狂侠天骄魔女》,A、,太清气功,西门业,
《狂侠天骄魔女》,A、,混元掌力,樊通,
《狂侠天骄魔女》,A、,无相掌力,龙隐大师,
《狂侠天骄魔女》,A、,黑虎拳,南宫造; 少林前辈神僧,少林派
《狂侠天骄魔女》,A、,大乘般若掌,柳元甲; 檀羽冲,
《狂侠天骄魔女》,A、,小天星掌力,柳元甲,
《狂侠天骄魔女》,A、,太祖长拳,赵匡胤,
《狂侠天骄魔女》,A、,二圣棒,赵匡胤; 赵匡义,
《狂侠天骄魔女》,A、,惊神指法,柳元甲; 宫文昭; 完颜长之; 柳元宗; 檀羽冲; 华谷涵; 柳清瑶,
《狂侠天骄魔女》,A、,绵掌,柳元甲; 完颜长之,
《狂侠天骄魔女》,A、,乱披风刀法,军官,万胜门
《狂侠天骄魔女》,A、,尉迟鞭,使鞭的军官,
《狂侠天骄魔女》,A、,惊神笔法,文逸凡; 宫昭文; 檀羽冲,
《狂侠天骄魔女》,A、,分筋错骨手法,黑修罗; 白修罗; 完颜长之; 华谷涵; 萧家教头,
《狂侠天骄魔女》,A、,罗汉拳,古月禅师; 沙衍流,
《狂侠天骄魔女》,A、,般若神指,檀羽冲,
《狂侠天骄魔女》,A、,混元气功,东园望,
《狂侠天骄魔女》,A、,擒龙手,竺迪罗,
《狂侠天骄魔女》,A、,天罡剑,柳清瑶,
《狂侠天骄魔女》,A、,伏魔杖法,孟老大; 麻大哈; 鲁阳戈; 朱丹鹤,丐帮
《狂侠天骄魔女》,A、,鸳鸯连环腿,孟钊; 武士乙,
《狂侠天骄魔女》,A、,空手入白刃,公孙奇; 檀羽冲; 柳元甲; 完颜长之; 崆峒二奇一弟子; 陆勉; 武士敦,
《狂侠天骄魔女》,A、,大力鹰爪功,宗超岱; 太乙; 猛鹫上人,
《狂侠天骄魔女》,A、,狮子吼功,柳元宗; 明明大师; 尊胜法王,
《狂侠天骄魔女》,A、,小擒拿手法,赫连清霞,
《狂侠天骄魔女》,A、,大摔碑手,玉珊瑚; 武士敦; 柳元甲; 耿照,
《狂侠天骄魔女》,A、,惊神剑法,柳元宗; 柳清瑶,
《狂侠天骄魔女》,A、,朱砂掌,朱丹鹤,
《狂侠天骄魔女》,A、,打狗棒法,麻大哈; 鲁阳戈,丐帮
《狂侠天骄魔女》,A、,金龙十八变枪法,檀世英,
《狂侠天骄魔女》,A、,乱环掌法,蒙天庇; 崆峒二奇一弟子,
《狂侠天骄魔女》,A、,无相剑法,云紫烟; 无相神尼; 秦弄玉,峨嵋派
《狂侠天骄魔女》,A、,泼风刀法,武士敦,丐帮
《狂侠天骄魔女》,A、,乱环诀,劳天护,
《狂侠天骄魔女》,A、,摘叶飞花,檀羽冲; 华谷涵,
《狂侠天骄魔女》,A、,落英掌法,檀羽冲,
《狂侠天骄魔女》,A、,紫府神箫,檀羽冲,
《狂侠天骄魔女》,A、,五禽掌,猛鹫上人,
《狂侠天骄魔女》,A、,阴阳掌,乌蒙,
《狂侠天骄魔女》,A、,一指禅功,沙衍流,
《狂侠天骄魔女》,A、,伏魔剑法,四空上人; 仲少符,
《狂侠天骄魔女》,A、,拂云手,尊胜法王; 华谷涵,
《狂侠天骄魔女》,B、,防御类,,
《狂侠天骄魔女》,B、,金钟罩,樊通; 竺迪罗,
《狂侠天骄魔女》,B、,沾衣十八跌,陆玳瑁; 柳清瑶; 公孙奇; 华谷涵; 上官复; 柳元宗,
《狂侠天骄魔女》,B、,金刚不坏身法,明明大师,
《狂侠天骄魔女》,B、,护身罡气,公孙奇,
《狂侠天骄魔女》,B、,铁布衫,辛莽原,
《狂侠天骄魔女》,B、,少阳神功,公孙隐,
《狂侠天骄魔女》,C、,轻功类,,
《狂侠天骄魔女》,C、,踏雪无痕,柳清瑶,
《狂侠天骄魔女》,C、,八步赶蝉,柳清瑶; 华谷涵; 完颜长之; 柳元宗; 明珠; 檀羽冲,
《狂侠天骄魔女》,C、,登云纵,柳清瑶,
《狂侠天骄魔女》,C、,一鹤冲天,耿照; 柳清瑶; 王宇庭; 华谷涵,
《狂侠天骄魔女》,C、,细胸巧翻云,柳清瑶; 赫连清云; 太乙; 云紫烟; 金鼎娘,
《狂侠天骄魔女》,C、,移形换位,柳清瑶; 华谷涵; 柳元甲; 檀羽冲; 文逸凡; 公孙奇; 蒙天庇; 云紫烟; 聂金铃,
《狂侠天骄魔女》,C、,比翼双飞,柳清瑶; 华谷涵,
《狂侠天骄魔女》,C、,蹑云步法,耿照; 秦弄玉,
《狂侠天骄魔女》,C、,陆地飞腾,柳元宗,
《狂侠天骄魔女》,C、,醉八仙步法,尊胜法王,
《狂侠天骄魔女》,D、,其他类,,
《狂侠天骄魔女》,D、,千斤坠,耿照; 柳清瑶; 萨老大; 宗超岱; 桑毅; 沙衍流; 猛鹫上人; 仲少符,
《狂侠天骄魔女》,D、,壁虎游墙,耿照,
《狂侠天骄魔女》,D、,移花接木,桑白虹,
《狂侠天骄魔女》,D、,天魔解体大法,西门业; 樊通; 竺迪罗; 柳元甲; 金超岳; 鲁阳戈; 公孙奇,
《狂侠天骄魔女》,D、,大周天吐纳法,云紫烟,
《狂侠天骄魔女》,D、,逆行经脉,青灵子; 耿照; 桑青虹; 西域僧人,西藏密宗
《狂侠天骄魔女》,D、,六合剑阵,玳瑁; 明珠; 绿云; 柳清瑶的侍女,
《狂侠天骄魔女》,D、,七煞阵,柳元甲的弟子; 宫文昭; 宗超岱; 金鼎娘,
《狂侠天骄魔女》,E、,兵刃暗器,,
《狂侠天骄魔女》,E1、,奇兵利刃,使用者,
《狂侠天骄魔女》,E1、,暖玉箫,檀羽冲,
《狂侠天骄魔女》,E2、,独门暗器,使用者,
《狂侠天骄魔女》,E2、,桃花瘴,沉香,
《狂侠天骄魔女》,E2、,九子母阴梭,紫玉,
《狂侠天骄魔女》,E2、,毒雾金针烈弹,赫连清波; 上官宝珠; 古云飞,
《狂侠天骄魔女》,E2、,九子连环子母弹,上官宝珠,
《狂侠天骄魔女》,E2、,金蛇索,上官宝珠,
《狂侠天骄魔女》,E2、,乌金尘丝,柳清瑶,
《狂侠天骄魔女》,E2、,虺蜮神砂,桑见田,
《游剑江湖》,,武功资料,,
《游剑江湖》,A、,攻击类,,
《游剑江湖》,A、,金刚六阳手,杨莲; 杨牧,杨家
《游剑江湖》,A、,大力金刚手,无,少林派
《游剑江湖》,A、,落英掌法,云紫萝; 前辈女侠,
《游剑江湖》,A、,混元一气功,宋腾霄,
《游剑江湖》,A、,八卦游身刀法,吕思美; 孟元超,
《游剑江湖》,A、,铁砂掌,大内高手; 周鼎,
《游剑江湖》,A、,奔雷掌,焦雷,
《游剑江湖》,A、,追风剑法,焦风; 宋腾霄,
《游剑江湖》,A、,绞刀刀法,吕思美,
《游剑江湖》,A、,绵掌,吕寿昆; 孟元超; 齐建业; 唐天纵,
《游剑江湖》,A、,黑砂掌,卜天雕,
《游剑江湖》,A、,赤砂掌,段仇世,
《游剑江湖》,A、,小天星掌力,段仇世; 牟宗涛,
《游剑江湖》,A、,大擒拿手法,石朝玑; 杨牧; 韩威武; 戴谟; 楚天雄; 缪长风; 沙弥远; 宗神龙,
《游剑江湖》,A、,雷神指,石朝玑; 欧阳坚; 西门灼,
《游剑江湖》,A、,空手入白刃,宗神龙; 楚天雄; 欧阳坚; 缪长风; 沙弥远,
《游剑江湖》,A、,弹指神通,尉迟炯; 齐建业; 缪长风,
《游剑江湖》,A、,蹑云剑法,云紫萝; 云重山; 缪长风; 宋腾霄,云家
《游剑江湖》,A、,龙吟功,缪长风,
《游剑江湖》,A、,狮子吼功,缪长风,
《游剑江湖》,A、,惊神笔法,连甘沛,河北连家
《游剑江湖》,A、,冰川剑法,陈光世; 华玉,
《游剑江湖》,A、,血神掌,西门灼,
《游剑江湖》,A、,雷神掌,西门灼; 欧阳坚,
《游剑江湖》,A、,玄阴掌,西门灼,
《游剑江湖》,A、,火龙功,炎炎和尚; 西门灼,西藏密宗
《游剑江湖》,A、,太清气功,缪长风,
《游剑江湖》,A、,青城剑法,萧青峰,青城派
《游剑江湖》,A、,十八盘连环剑法,宗神龙,
《游剑江湖》,A、,分筋错骨手法,尉迟炯; 白武子; 戴谟; 御林军一高手; 杨茂林; 杨莲,
《游剑江湖》,A、,五行拳,韩威武,
《游剑江湖》,A、,蹑云掌法,云紫萝,云家
《游剑江湖》,A、,小擒拿手法,缪长风; 楚天雄,
《游剑江湖》,A、,大力鹰爪功,齐建业; 刘抗,
《游剑江湖》,A、,乱披风剑法,玄风道人,
《游剑江湖》,A、,通臂拳,楚天雄,
《游剑江湖》,A、,锁剑法,廖凡,
《游剑江湖》,A、,金刚指,雷震子; 少林主持,
《游剑江湖》,A、,虎爪擒拿手,戴谟; 邵鹤年; 朱圣庵,
《游剑江湖》,A、,修罗阴煞功,无,
《游剑江湖》,A、,玄阴指,西门灼,
《游剑江湖》,A、,四平刀,庄鲲,
《游剑江湖》,A、,滚地堂刀法,孟元超,
《游剑江湖》,A、,五虎断门刀法,吕思美; 吕寿昆; 程新彦,保定刘家
《游剑江湖》,A、,大摔碑手,韩拓,
《游剑江湖》,A、,猴拳,洪大祥,
《游剑江湖》,A、,摘叶飞花,牟宗涛,
《游剑江湖》,A、,闭目换掌,缪长风; 赵文绮,
《游剑江湖》,A、,伏魔杖法,沙弥远,
《游剑江湖》,A、,大手印,张宏达; 宝相法师,西藏密宗
《游剑江湖》,A、,混元一炁功,方虚谷,扶桑派
《游剑江湖》,A、,伏波掌,乔海鹏,
《游剑江湖》,A、,四平拳,段剑青,
《游剑江湖》,A、,武家拳,武端,
《游剑江湖》,A、,大须弥剑式,林无双; 虬髯客,
《游剑江湖》,A、,罗汉拳,北宫望,
《游剑江湖》,A、,铁琵琶手,北宫望,
《游剑江湖》,B、,防御类,,
《游剑江湖》,B、,沾衣十八跌,尉迟炯; 缪长风; 刘隐农; 石卫; 方谷虚,
《游剑江湖》,B、,铁布衫,石冲,
《游剑江湖》,B、,护体神功,缪长风; 连甘沛,
《游剑江湖》,C、,轻功类,,
《游剑江湖》,C、,穿花绕树,云紫萝; 吕思美; 宋腾霄; 武庄,
《游剑江湖》,C、,醉八仙步法,孟元超; 韩威武,
《游剑江湖》,C、,八步赶蝉,孟元超; 楚天雄; 林无双; 缪长风,
《游剑江湖》,C、,踏雪无痕,云紫萝,
《游剑江湖》,C、,黄鹄冲霄,连甘沛; 段仇世,
《游剑江湖》,C、,一鹤冲霄（天）,林无双; 云紫萝,
《游剑江湖》,C、,草上飞,缪长风,
《游剑江湖》,C、,燕子三抄水,云紫萝,
《游剑江湖》,C、,陆地飞腾,无,
《游剑江湖》,D、,其他类,,
《游剑江湖》,D、,缩骨功,张逍遥,
《游剑江湖》,D、,千斤坠,缪长风,
《游剑江湖》,D、,七煞阵,宝相法师; 喇嘛,西藏密宗
《游剑江湖》,D、,天魔解体大法,北宫望,
《游剑江湖》,E、,兵刃暗器,,
《游剑江湖》,E1、,奇兵利刃,使用者,
《游剑江湖》,E1、,冰魄寒光剑,陈光世,
《游剑江湖》,E1、,青龙剑,北宫望,
《游剑江湖》,E2、,独门暗器,使用者,
《游剑江湖》,E2、,冰魄神弹,陈光世; 陈光照,
《游剑江湖》,E2、,火龙珠,唐天纵,
《游剑江湖》,E2、,毒雾金针烈焰弹,唐天纵,
《游剑江湖》,E2、,蝎子镖,唐天纵,
《牧野流星》,,武功资料,,
《牧野流星》,A、,攻击类,,
《牧野流星》,A、,惊神指法,丹丘生,崆峒派
《牧野流星》,A、,绵掌,段仇世; 石建章,
《牧野流星》,A、,修罗阴煞功,孟神通; 阳继孟; 盘石生; 乔北溟,
《牧野流星》,A、,孟家（快）刀法,孟元超; 孟华,
《牧野流星》,A、,玄阴指,阳继孟,
《牧野流星》,A、,蹑云剑法,丹丘生,崆峒派
《牧野流星》,A、,太清气功,缪长风,
《牧野流星》,A、,雷神掌,欧阳业; 欧阳坚; 段剑青; 欧阳冲,
《牧野流星》,A、,段家剑法,段仇世,
《牧野流星》,A、,牟家剑法,牟丽珠,
《牧野流星》,A、,无名剑法,张丹枫; 孟华,
《牧野流星》,A、,金家剑法,金世遗; 金逐流; 孟华,
《牧野流星》,A、,连环夺命剑法,洞冥子; 大石道人; 大松道人; 洞妙真人; 孟华; 丹丘生; 郝大志; 丹丘生; 何洛,崆峒派
《牧野流星》,A、,大擒拿手法,军官甲; 军官乙; 叶谷浑; 孟华; 吉鸿; 海兰察,少林派
《牧野流星》,A、,小擒拿手法,宋腾霄; 孟华; 白教法王; 海兰察,
《牧野流星》,A、,狮子吼功,缪长风; 优昙法师; 江上云; 丹丘生; 迦象,
《牧野流星》,A、,五虎断门刀,全大福; 石老师; 刘挺之; 劳超伯,五虎断门刀
《牧野流星》,A、,金刚六阳手,杨莲; 杨牧; 闵成龙,杨家
《牧野流星》,A、,空手入白刃,缪长风; 马崑; 白山和尚; 孟华,
《牧野流星》,A、,地堂刀,孟华,
《牧野流星》,A、,大力鹰爪功,韩威武; 海兰察; 诸青崖,
《牧野流星》,A、,太祖棍法,尚铁宏,
《牧野流星》,A、,大力金刚掌,无,
《牧野流星》,A、,醉八仙剑法,牟丽珠,
《牧野流星》,A、,韩家刀法,韩威武,
《牧野流星》,A、,铁琵琶,尚铁宏; 尚和阳,铁琵琶门
《牧野流星》,A、,蟠龙刀法,周灿,
《牧野流星》,A、,大摔碑手,叶谷浑; 劳超伯,北派大摔碑
《牧野流星》,A、,嵩山剑法,无,嵩山派
《牧野流星》,A、,泰山剑法,无,泰山派
《牧野流星》,A、,疯魔杖法,吉鸿,少林派
《牧野流星》,A、,追风剑式,江上云; 唐加源; 杨炎; 孟华; 白英奇; 霍英扬; 韩英华; 金碧漪,天山派
《牧野流星》,A、,大须弥剑式,江上云; 金碧峰; 丁兆鸣; 孟华; 金碧漪,天山派
《牧野流星》,A、,达摩剑法,无,少林派
《牧野流星》,A、,双笔点四脉,连甘霖; 邓中艾,山西连家
《牧野流星》,A、,四笔点八脉,连城壁; 连城王,山西连家
《牧野流星》,A、,分筋错骨手,丹丘生; 孟华,
《牧野流星》,A、,弹指神通,孟华; 钟展; 唐经天; 丹丘生,
《牧野流星》,A、,七煞掌,海兰察,长白山派
《牧野流星》,A、,小天星掌力,海兰察,
《牧野流星》,A、,龙象功,天泰上人,
《牧野流星》,A、,猴拳,孙道行,
《牧野流星》,A、,三才剑,张火生,
《牧野流星》,A、,阴阳双撞掌,朱角; 鹿洪,
《牧野流星》,A、,混元一炁功,仲长统; 仲毋庸; 宣羽赞,丐帮
《牧野流星》,B、,防御类,,
《牧野流星》,B、,童子功,孟华,
《牧野流星》,B、,沾衣十八跌,孟华; 钟展; 牟丽珠,
《牧野流星》,C、,轻功类,,
《牧野流星》,C、,天罗步法,阳继孟,
《牧野流星》,C、,蹑云步法,孟华,
《牧野流星》,C、,八步赶蝉,孟华,
《牧野流星》,C、,一鹤冲天,段剑青,
《牧野流星》,C、,踏雪无痕,孟华,
《牧野流星》,C、,龙形身法,吉鸿,少林派
《牧野流星》,C、,穿花绕树,金碧漪,
《牧野流星》,D、,其他类,,
《牧野流星》,D、,缩骨功,孟华,
《牧野流星》,D、,九宫八卦剑阵,混元子; 混元子的师弟,武当派
《牧野流星》,D、,七星阵,祝建明; 祝建明的六个师弟,
《牧野流星》,D、,四象阵,天泰上人; 三个喇嘛,
《牧野流星》,D、,壁虎游墙功,孟华,
《牧野流星》,D、,大周天吐纳法,孟华,
《牧野流星》,D、,天魔解体大法,海兰察,西藏密宗
《牧野流星》,D、,千斤坠,孟华,
《牧野流星》,E、,独门暗器,使用者,
《牧野流星》,E、,毒雾金针烈焰弹,仲毋庸; 辛七娘; 朱角; 鹿洪,
《龙凤宝钗缘》,,武功资料,,
《龙凤宝钗缘》,A、,攻击类,,
《龙凤宝钗缘》,A、,空手入白刃,段克邪; 牟世杰; 尉迟南; 尉迟北; 尉迟恭; 羊牧劳; 精精儿; 楚平原; 空空儿; 方辟符,
《龙凤宝钗缘》,A、,分筋错骨手,段克邪; 寇名扬; 精精儿; 奚炳达; 拓拔雄,
《龙凤宝钗缘》,A、,袁公剑法,段克邪; 精精儿; 空空儿,
《龙凤宝钗缘》,A、,混元一炁功,寇名扬; 濮阳侯,
《龙凤宝钗缘》,A、,虬龙鞭法,寇名扬,
《龙凤宝钗缘》,A、,七步追魂掌法,羊牧劳,
《龙凤宝钗缘》,A、,虬龙杖法,马副帮主,
《龙凤宝钗缘》,A、,水磨鞭法,尉迟南; 尉迟恭,尉迟家
《龙凤宝钗缘》,A、,乱披风拐法,李天傲; 牟世杰,
《龙凤宝钗缘》,A、,八卦刀法,李鹏,
《龙凤宝钗缘》,A、,一指禅功,牟世杰,
《龙凤宝钗缘》,A、,昆仑剑法,牟世杰; 铁摩勒,
《龙凤宝钗缘》,A、,地堂刀,羊牧劳的两个弟子; 楚平原,
《龙凤宝钗缘》,A、,通臂神拳,谷大豪,
《龙凤宝钗缘》,A、,金刚掌力,段克邪; 宇文虹霓,
《龙凤宝钗缘》,A、,金刚指力,韦香主,
《龙凤宝钗缘》,A、,降龙（魔）杖（拐）法,宇文垂; 石青阳,丐帮
《龙凤宝钗缘》,A、,回环刀法,史朝英,
《龙凤宝钗缘》,A、,天（飞）龙剑法,段克邪; 史若梅,
《龙凤宝钗缘》,A、,九宫神指,段克邪,
《龙凤宝钗缘》,A、,破碑手,和尚,
《龙凤宝钗缘》,A、,天罡掌法,楚平原,少林派
《龙凤宝钗缘》,A、,玄女剑法,聂隐娘,
《龙凤宝钗缘》,A、,飞花逐蝶剑法,聂隐娘; 史若梅; 方辟符,
《龙凤宝钗缘》,A、,十八路护手钩,武维扬,
《龙凤宝钗缘》,A、,伏虎掌,无,少林派
《龙凤宝钗缘》,A、,大擒拿手法,牟世杰; 楚平原; 拓拔雄,
《龙凤宝钗缘》,A、,断门刀,军官,
《龙凤宝钗缘》,A、,连环剑法,牟世杰,
《龙凤宝钗缘》,A、,乱披风剑法,牟世杰,扶桑岛
《龙凤宝钗缘》,A、,伏魔剑法,铁摩勒; 段克邪,
《龙凤宝钗缘》,A、,小无相神功,段克邪,扶桑岛
《龙凤宝钗缘》,A、,天罡拂尘,辛芷姑,
《龙凤宝钗缘》,A、,玄阴指,灵鹫上人,
《龙凤宝钗缘》,A、,大乘般若掌,宇文虹霓,
《龙凤宝钗缘》,A、,弹指神通,楚平原,
《龙凤宝钗缘》,A、,五禽掌法,展伯承,
《龙凤宝钗缘》,A、,大摔碑手法,段克邪; 楚平原,
《龙凤宝钗缘》,A、,追风剑式,段克邪,
《龙凤宝钗缘》,A、,大手印,无妄上人,
《龙凤宝钗缘》,A、,游身八卦掌,桑石公,
《龙凤宝钗缘》,A、,修罗掌,桑石公,
《龙凤宝钗缘》,A、,龙形六十四剑,铁摩勒; 段克邪,
《龙凤宝钗缘》,A、,流云袖,牟沧浪,
《龙凤宝钗缘》,A、,梅花剑法,史若梅,
《龙凤宝钗缘》,B、,防御类,,
《龙凤宝钗缘》,B、,金钟罩,羊牧劳; 头陀; 和尚; 丑汉,
《龙凤宝钗缘》,B、,铁布衫,和尚,
《龙凤宝钗缘》,B、,护体神功,段克邪; 楚平原,
《龙凤宝钗缘》,C、,轻功类,,
《龙凤宝钗缘》,C、,移形换位,史若梅; 精精儿; 段克邪; 楚平原,
《龙凤宝钗缘》,C、,登云踪,段克邪,
《龙凤宝钗缘》,C、,七步追魂步法,羊牧劳,
《龙凤宝钗缘》,C、,一鹤冲天,段克邪,
《龙凤宝钗缘》,C、,醉八仙身法,聂隐娘,
《龙凤宝钗缘》,C、,大挪移,楚平原,
《龙凤宝钗缘》,C、,八步赶蝉,段克邪; 楚平原,
《龙凤宝钗缘》,C、,四象步法,楚平原,
《龙凤宝钗缘》,C、,俊鹃摩云,段克邪,
《龙凤宝钗缘》,D、,其他类,,
《龙凤宝钗缘》,D、,壁虎游墙,精精儿,
《龙凤宝钗缘》,D、,八阵图,牟世杰的八个侍者,
《龙凤宝钗缘》,D、,地煞阵,青冥子,
《龙凤宝钗缘》,D、,正反四象阵,七个师陀; 回纥武士; 宇文虹霓,
《龙凤宝钗缘》,D、,千斤坠,铁摩勒; 狮鼻人,
《龙凤宝钗缘》,D、,天魔解体大法,焦固; 展修元,
《龙凤宝钗缘》,E、,兵刃暗器,,
《龙凤宝钗缘》,E1、,奇兵利刃,使用者,
《龙凤宝钗缘》,E1、,精金短剑,精精儿; 楚平原,
《龙凤宝钗缘》,E1、,雁翎刀,杜伏威; 楚平原,
《龙凤宝钗缘》,E1、,金装锏,秦襄,
《龙凤宝钗缘》,E1、,玄铁重刀,赫连勃,
《龙凤宝钗缘》,E1、,白金丝手套,贺兰蒙,
《龙凤宝钗缘》,E1、,无情剑,辛芷姑,
《龙凤宝钗缘》,E2、,独门暗器,使用者,
《龙凤宝钗缘》,E2、,摄魂铃,吕鸿秋,
《龙凤宝钗缘》,E2、,金针烈焰弹,史朝英,
《风雷震九州》,,武功资料,,
《风雷震九州》,A、,攻击类,,
《风雷震九州》,A、,五虎断门刀,李光夏; 卫士; 耿秀凤,
《风雷震九州》,A、,疯魔杖法,黑木大师,
《风雷震九州》,A、,游身八卦刀法,李文成; 李光夏,
《风雷震九州》,A、,金龙鞭法,黑衣武士,
《风雷震九州》,A、,连环鞭法,黑衣武士,
《风雷震九州》,A、,青城剑法,萧青峰,青城派
《风雷震九州》,A、,七步朱砂掌,褚元,
《风雷震九州》,A、,游身八卦掌,江晓芙,
《风雷震九州》,A、,大乘般若掌,叶冲霄; 叶慕华; 宝象禅师; 上官泰,
《风雷震九州》,A、,大须弥剑式,江晓芙; 宇文雄; 叶廷宗; 钟展; 谷中莲; 江海天; 晦明禅师,天山派
《风雷震九州》,A、,追风剑式,江晓芙; 宇文雄; 叶廷宗; 钟展; 钟灵; 钟秀,天山派
《风雷震九州》,A、,天罡掌法,尉迟炯,
《风雷震九州》,A、,狮子吼功,江海天; 山官泰; 金世遗; 痛禅上人,
《风雷震九州》,A、,大力金刚掌,宇文雄; 云召; 褚蒙; 江海天; 归古愚,少林派
《风雷震九州》,A、,混元一炁功,元一冲; 仲长统,
《风雷震九州》,A、,空手入白刃,元一冲; 上官泰; 丁固; 归古愚; 风从龙,
《风雷震九州》,A、,开碑掌力,马胜龙,
《风雷震九州》,A、,回回刀法,马胜龙,
《风雷震九州》,A、,金刚指力,程百岳; 岳霆,
《风雷震九州》,A、,霹雳掌,张士龙; 褚蒙,
《风雷震九州》,A、,乱披风拐法,张士龙,
《风雷震九州》,A、,绵掌,羊吞虎,
《风雷震九州》,A、,大擒拿手法,江海天; 风从龙; 杨芃; 鹿克犀; 羊吞虎,
《风雷震九州》,A、,小擒拿手法,江海天; 林道轩; 竺尚父; 叶廷宗; 蒙永平; 风从龙; 韩隐樵,
《风雷震九州》,A、,尉迟鞭法,林道轩; 贺兰明,
《风雷震九州》,A、,大须弥掌法,江海天; 叶廷宗; 金世遗; 钟灵,天山派
《风雷震九州》,A、,分筋错骨手法,风从龙; 杨芃,
《风雷震九州》,A、,大手印,上官泰,西藏密宗
《风雷震九州》,A、,弹指神通,江海天; 谷中莲; 欧阳大娘,
《风雷震九州》,A、,伏魔杖法,杨钲,少林派
《风雷震九州》,A、,六阳手,竺尚父,
《风雷震九州》,A、,一指禅功,江海天; 林道轩; 上官纨,
《风雷震九州》,A、,连环夺命剑法,白涛道人; 松石道人,武当派
《风雷震九州》,A、,乱披风剑法,祈圣因,
《风雷震九州》,A、,大力鹰爪功,岳霆; 林清; 归古愚; 风从龙,
《风雷震九州》,A、,玄女剑法,吕莹; 独臂神尼,
《风雷震九州》,A、,佛珠降魔,大雄禅师; 痛禅上人,
《风雷震九州》,A、,百步神拳,甘人龙; 戴均,
《风雷震九州》,A、,九宫八卦阵剑法,松石道人; 雷震子; 竺尚父,武当派
《风雷震九州》,A、,蹑云剑法,辛隐农,
《风雷震九州》,A、,太清气功,金光上人; 法华上人,
《风雷震九州》,A、,天魔杖法,杨芃,
《风雷震九州》,A、,大摔碑手,江海天,
《风雷震九州》,A、,狼牙棒法,耿秀凤的四个手下,
《风雷震九州》,A、,雷神掌,欧阳大娘; 欧阳伯和,
《风雷震九州》,A、,滚地堂,尉迟炯; 宇文雄,
《风雷震九州》,A、,铁袖功,杨钲,
《风雷震九州》,A、,泼风剑法,上官泰; 上官纨; 林道轩,
《风雷震九州》,B、,防御类,,
《风雷震九州》,B、,护体神功,江海天; 钟展,
《风雷震九州》,B、,金钟罩,羊吞虎,
《风雷震九州》,B、,铁布衫,岳霆; 归古愚,
《风雷震九州》,B、,沾衣十八跌,江海天; 叶慕华,
《风雷震九州》,C、,轻功类,,
《风雷震九州》,C、,九宫步法,李光夏; 杨芃,
《风雷震九州》,C、,天罗步法,萧青峰; 江晓芙; 江海天; 林道轩; 叶廷宗; 宇文雄; 金世遗,青城派
《风雷震九州》,C、,八步赶蝉,江海天; 钟灵; 叶慕华; 宇文雄; 江晓芙,
《风雷震九州》,C、,五行步法,仲长统,
《风雷震九州》,C、,反五行步法,上官泰,
《风雷震九州》,C、,踏雪无痕,江海天,
《风雷震九州》,C、,蹑云步,林道轩,
《风雷震九州》,C、,草上飞,杨钲,
《风雷震九州》,D、,其他类,,
《风雷震九州》,D、,大周天吐纳法,将海天; 叶廷宗,
《风雷震九州》,D、,千斤坠,杨芃; 桑布巴,
《风雷震九州》,D、,天遁传音,江海天,
《风雷震九州》,D、,天魔解体大法,叶慕华,
《风雷震九州》,D、,换息吐纳,江海天; 林道轩,
《风雷震九州》,D、,壁虎爬墙,林清,
《风雷震九州》,E、,兵刃暗器,,
《风雷震九州》,E1、,奇兵利刃,使用者,
《风雷震九州》,E1、,裁云剑,江晓芙,
《风雷震九州》,E1、,鹿角叉,鹿克犀,
《风雷震九州》,E2、,独门暗器,使用者,
《风雷震九州》,E2、,天山神芒,钟展,
《散花女侠》,,武功资料,,
《散花女侠》,A、,攻击类,,
《散花女侠》,A、,长拳,樊英,少林派
《散花女侠》,A、,大摔碑手,樊英; 掌柜; 铁镜心; 毕擎天; 石惊涛; 叶成林; 张丹枫; 云重,
《散花女侠》,A、,罗汉（五行神）拳,樊英; 黑摩诃; 白摩诃; 小虎子; 于承珠; 了缘大师,少林派
《散花女侠》,A、,分筋错骨手,战三山; 白摩诃; 石鸿博; 娄桐荪,
《散花女侠》,A、,（滚）地堂拳,闻铁声; 郭成泰; 孟长生,北派
《散花女侠》,A、,毒砂掌,童家骏,
《散花女侠》,A、,大力金刚掌（手）,童家骏; 叶成林; 董岳; 云重; 玄机逸士,
《散花女侠》,A、,五虎断门刀法,张风府; 小虎子; 云重,
《散花女侠》,A、,鸳鸯连环腿,樊英; 了缘大师,
《散花女侠》,A、,玄机掌法,张丹枫; 于承珠,
《散花女侠》,A、,天罡拂尘,玄瑛道长,
《散花女侠》,A、,谭腿,卫士,
《散花女侠》,A、,太极拳,李涵真,
《散花女侠》,A、,柔功,阿萨玛; 阿合玛,西藏密宗
《散花女侠》,A、,百变玄机剑法,于承珠; 张丹枫,
《散花女侠》,A、,铁琵琶掌,了缘大师,少林派
《散花女侠》,A、,大力鹰爪功,掌柜; 顾孟章,
《散花女侠》,A、,滚地堂刀法,褚玄,北派
《散花女侠》,A、,天魔杖法,潮音和尚,
《散花女侠》,A、,小擒拿手法,石文纨; 石惊涛; 阳宗海,
《散花女侠》,A、,小天星掌力,于承珠; 摘星上人,
《散花女侠》,A、,惊涛剑法,石惊涛; 铁镜心,
《散花女侠》,A、,月牙刀法,东方洛,
《散花女侠》,A、,神风刀法,板田荣男; 小昭; 芥川龙木; 长谷川,
《散花女侠》,A、,金刚指力,毕擎天,
《散花女侠》,A、,空手入白刃,娄桐荪,
《散花女侠》,A、,无刀术,芥川龙木,
《散花女侠》,A、,惊涛掌法,铁镜心,
《散花女侠》,A、,降龙掌法,毕擎天,
《散花女侠》,A、,铁砂掌,武师,
《散花女侠》,A、,莲花腿,土司的女儿,
《散花女侠》,A、,混元真力,蒙元子,
《散花女侠》,A、,五擒掌,张大洪,河北岳家
《散花女侠》,A、,弹指神通,董岳; 叶成林,
《散花女侠》,A、,大擒拿手法,李涵真; 铁镜心; 郑国有; 娄桐荪,
《散花女侠》,A、,混元一气功,云阳真人,
《散花女侠》,A、,摘星手,摘星上人,
《散花女侠》,A、,一指禅,乌蒙夫; 于承珠; 张丹枫,
《散花女侠》,A、,罗汉神刀,玄机逸士; 董岳; 云重,
《散花女侠》,A、,玄门拂尘八法,玄瑛道长,
《散花女侠》,A、,泼风刀法,小虎子,
《散花女侠》,A、,伏魔掌,齐封,
《散花女侠》,A、,昆仑剑法,朗月禅师的两个徒弟,昆仑派
《散花女侠》,A、,连环夺命剑法,霍天都,武当派
《散花女侠》,A、,太极十三剑势,霍天都,
《散花女侠》,A、,旋风剑法,霍天都,天龙派
《散花女侠》,A、,柔云剑法,霍天都,青阳派
《散花女侠》,B、,防御类,,
《散花女侠》,B、,金钟罩,六阳真君,
《散花女侠》,B、,铁布衫,六阳真君,
《散花女侠》,B、,沾衣十八跌,无,
《散花女侠》,C、,轻功类,,
《散花女侠》,C、,穿花绕树,于承珠; 云蕾,
《散花女侠》,C、,登萍渡水,阳宗海; 于承珠,
《散花女侠》,C、,八卦步法,娄桐荪,
《散花女侠》,D、,其他类,,
《散花女侠》,D、,壁虎游墙,樊英,
《散花女侠》,D、,千斤坠,于承珠; 毕擎天; 公孙无垢,
《散花女侠》,D、,瑜伽术,黑摩诃; 白摩诃; 小虎子,
《散花女侠》,E、,兵刃暗器,,
《散花女侠》,E1、,奇兵利刃,使用者,
《散花女侠》,E1、,降龙棒,毕擎天,
《散花女侠》,E1、,青冥剑,云蕾; 于承珠,
《散花女侠》,E1、,白云剑,张丹枫,
《散花女侠》,E1、,紫虹剑,石惊涛; 铁镜心,
《散花女侠》,E1、,绿玉杖,黑摩诃,
《散花女侠》,E1、,白玉杖,白摩诃,
《散花女侠》,E1、,骷髅烈火鞭,云阳真君,
《散花女侠》,E2、,独门暗器,使用者,
《散花女侠》,E2、,子母连环蝴蝶镖,韩二嫂,
《散花女侠》,E2、,金花,云蕾; 于承珠,
《散花女侠》,E2、,金球,阿萨玛; 阿合玛,
《联剑风云录》,,武功资料,,
《联剑风云录》,A、,攻击类,,
《联剑风云录》,A、,大摔碑手,蒙元子; 萨力雄,
《联剑风云录》,A、,通臂猿功,盘天罗; 赤霞道人,
《联剑风云录》,A、,大擒拿手法,盘天罗; 褚霸; 乔少少; 乔北溟; 龙剑虹,
《联剑风云录》,A、,小天星掌力,盘天罗; 摘星上人,
《联剑风云录》,A、,惊涛剑法,铁镜心; 石惊涛,
《联剑风云录》,A、,空手入白刃,周志侠; 厉抗天; 乔少少; 乔北溟; 阳宗海; 娄桐荪; 韩铁樵,
《联剑风云录》,A、,闯少林拳,蔡福昌,少林派
《联剑风云录》,A、,百变玄机剑法,张丹枫; 张玉虎; 于承珠,
《联剑风云录》,A、,一指禅功,乌蒙夫; 张玉虎; 张丹枫; 慕容华,
《联剑风云录》,A、,罗汉五行神拳,黑摩诃; 白摩诃; 张玉虎,
《联剑风云录》,A、,百变玄机掌法,张玉虎,
《联剑风云录》,A、,大力金刚掌（手）,张玉虎; 云重; 叶成林; 董岳,
《联剑风云录》,A、,铁袖功,龙剑虹,
《联剑风云录》,A、,玄机刀法,张丹枫,
《联剑风云录》,A、,连环夺命剑法,屈九疑; 龙剑虹; 七星子,武当派
《联剑风云录》,A、,铁指禅功,张玉虎,
《联剑风云录》,A、,伏魔剑法,无,北少林
《联剑风云录》,A、,小擒拿手法,沐璘; 张玉虎; 凌云凤; 崔元溥,
《联剑风云录》,A、,崆峒剑术,霍天都,
《联剑风云录》,A、,达摩剑法,霍天都; 龙剑虹,
《联剑风云录》,A、,阴阳掌法,褚霸,
《联剑风云录》,A、,七阴毒掌,阴秀兰; 阴蕴玉,
《联剑风云录》,A、,金刀刀法,周志侠,
《联剑风云录》,A、,降龙棒法,丐帮弟子; 张玉虎,丐帮
《联剑风云录》,A、,修罗阴煞功,乔北溟; 乔少少,
《联剑风云录》,A、,分筋错骨手法,七星子; 娄桐荪,
《联剑风云录》,A、,弹指神通,张丹枫,
《联剑风云录》,A、,大力千斤掌,七星子,
《联剑风云录》,A、,太极拳,无,
《联剑风云录》,A、,九阳毒掌,石镜涵,
《联剑风云录》,A、,滚地堂刀法,庞家护院; 周志侠,
《联剑风云录》,A、,百步神拳,刘完达,
《联剑风云录》,A、,金鹏十八变,万家树; 万天鹏,
《联剑风云录》,A、,追风剑式,龙剑虹; 霍天都,
《联剑风云录》,A、,摘星手,摘星上人,
《联剑风云录》,A、,赤煞掌,管神龙,
《联剑风云录》,A、,铁砂掌,大雄道人; 董牧,
《联剑风云录》,A、,呼魂搜魄,萨力雄,
《联剑风云录》,A、,七十二手金锤,萨力雄,
《联剑风云录》,A、,混元霹雳掌,符大元,
《联剑风云录》,A、,绵掌,叶成林,
《联剑风云录》,A、,连环弹腿,管神龙,
《联剑风云录》,A、,玄阴指,乔北溟; 乔少少,
《联剑风云录》,A、,穿云指,摘星上人,
《联剑风云录》,A、,金刚指力,云重,
《联剑风云录》,A、,风雷剑法,镇天神君,
《联剑风云录》,A、,伏象神功,乔北溟,
《联剑风云录》,B、,防御类,,
《联剑风云录》,B、,金钟罩,曲野樵,
《联剑风云录》,B、,沾衣十八跌,霍天都,
《联剑风云录》,B、,护体神功,云重,
《联剑风云录》,C、,轻功类,,
《联剑风云录》,C、,黄鹄冲霄,石文纨; 乔少少,
《联剑风云录》,C、,迷踪步法,大雄道人,
《联剑风云录》,C、,陆地飞腾,凌云凤; 霍天都,
《联剑风云录》,C、,八步赶蝉,凌云凤; 于承珠; 张玉虎,
《联剑风云录》,C、,穿花绕树,于承珠; 张玉虎; 云蕾; 凌云凤; 沐璘,
《联剑风云录》,C、,凌云纵,张玉虎,
《联剑风云录》,D、,其他类,,
《联剑风云录》,D、,瑜伽功,黑摩诃; 白摩诃; 张玉虎,
《联剑风云录》,D、,千斤坠,张玉虎; 乌蒙夫,
《联剑风云录》,D、,童子功,张玉虎,
《联剑风云录》,E、,兵刃暗器,,
《联剑风云录》,E1、,奇兵利刃,使用者,
《联剑风云录》,E1、,紫虹剑,铁镜心,
《联剑风云录》,E1、,青冥剑,于承珠,
《联剑风云录》,E1、,松纹古定剑,管神龙,
《联剑风云录》,E1、,八角紫金锤,曲野樵; 萨力雄,
《联剑风云录》,E2、,独门暗器,使用者,
《联剑风云录》,E2、,毒龙锥,崔宝山,
《联剑风云录》,E2、,星形毒环,石镜涵,
《联剑风云录》,E2、,连环子母弹,阴秀兰,
《联剑风云录》,E2、,毒雾金针火焰弹,阴秀兰,
《大唐游侠传》,,武功资料,,
《大唐游侠传》,A、,攻击类,,
《大唐游侠传》,A、,金刚手（掌）,田承嗣; 段珪璋; 卫越,
《大唐游侠传》,A、,袁公剑法,薛嵩; 精精儿; 空空儿,
《大唐游侠传》,A、,霹雳掌,窦令符,
《大唐游侠传》,A、,八仙剑,铁摩勒,
《大唐游侠传》,A、,虎爪擒拿手,田承嗣,
《大唐游侠传》,A、,空手入白刃,尉迟恭; 尉迟北; 精精儿,
《大唐游侠传》,A、,罗汉神拳,无,
《大唐游侠传》,A、,北派长拳,宇文通,
《大唐游侠传》,A、,地堂刀法,卫士,
《大唐游侠传》,A、,游身八卦刀,南霁云; 窦缐娘,
《大唐游侠传》,A、,阴阳刀法,石一龙; 石一虎,
《大唐游侠传》,A、,混元牌法,窦令侃,
《大唐游侠传》,A、,龙形剑法,段珪璋; 铁摩勒,
《大唐游侠传》,A、,小天星掌力,精精儿; 尉迟北; 羊牧劳,
《大唐游侠传》,A、,分筋错骨手法,杜百英; 尉迟北; 羊牧劳,
《大唐游侠传》,A、,绵掌,王燕羽; 展元修; 羊牧劳,
《大唐游侠传》,A、,青城剑法,杜百英,
《大唐游侠传》,A、,大擒拿手法,褚遂; 羊牧劳,
《大唐游侠传》,A、,杀手锏,秦襄,
《大唐游侠传》,A、,进步鸳鸯连环腿,秦襄,
《大唐游侠传》,A、,五门八卦刀法,南霁云,
《大唐游侠传》,A、,小擒拿手法,褚遂,
《大唐游侠传》,A、,金弓十八打,窦缐娘,
《大唐游侠传》,A、,乱披风剑法,段珪璋; 道人,
《大唐游侠传》,A、,五禽掌,卫越,
《大唐游侠传》,A、,一指禅,卫越,
《大唐游侠传》,A、,阴阳双毒掌,展大娘,
《大唐游侠传》,A、,铁袖功,展大娘,
《大唐游侠传》,A、,流云飞袖,展大娘,
《大唐游侠传》,A、,降魔杖法,皇甫嵩,
《大唐游侠传》,A、,铁砂掌,羊牧劳,
《大唐游侠传》,A、,大摔碑手,铁摩勒; 段珪璋,
《大唐游侠传》,A、,降魔杵法,司空拔,
《大唐游侠传》,A、,七步追魂掌法,羊牧劳,
《大唐游侠传》,A、,旋风天魔指,韩湛,
《大唐游侠传》,A、,坎离气功,转轮法王,
《大唐游侠传》,A、,狮子吼功,无,
《大唐游侠传》,A、,纯阳罡气,卜安期,
《大唐游侠传》,A、,三十六式快刀,南霁云,
《大唐游侠传》,A、,辟云锄法,牛不耕,
《大唐游侠传》,B、,防御类,,
《大唐游侠传》,B、,沾衣十八跌,段珪璋; 卫越; 羊牧劳,
《大唐游侠传》,B、,金钟罩,展大娘; 铁崑仑,
《大唐游侠传》,C、,轻功类,,
《大唐游侠传》,C、,穿花绕树,窦缐娘; 韩湛,
《大唐游侠传》,C、,登萍渡水,段珪璋,
《大唐游侠传》,C、,陆地飞腾,南霁云,
《大唐游侠传》,C、,登云纵,南霁云,
《大唐游侠传》,C、,八步赶蝉,南霁云; 段克邪,
《大唐游侠传》,C、,一鹤冲天,南霁云; 夏凌霜; 铁摩勒; 王龙客,
《大唐游侠传》,D、,其他类,,
《大唐游侠传》,D、,七绝诛魔阵,精精儿; 转轮法王; 天德禅师; 王龙客; 展大娘,
《大唐游侠传》,E、,奇兵利刃,使用者,
《大唐游侠传》,E、,湛卢剑,长乐公主,
《大唐游侠传》,E、,天赐神牌,窦令侃,
《大唐游侠传》,E、,精金短剑,精精儿,
《大唐游侠传》,E、,金装锏,秦襄,
《大唐游侠传》,E、,乌金锄,牛不耕,
《慧剑心魔》,,武功资料,,
《慧剑心魔》,A、,攻击类,,
《慧剑心魔》,A、,五禽掌法,展伯承; 展龙飞,
《慧剑心魔》,A、,五禽剑法,展伯承,
《慧剑心魔》,A、,穿云手,褚葆龄,
《慧剑心魔》,A、,小擒拿手法,展伯承; 褚葆龄; 褚遂,
《慧剑心魔》,A、,断门剑法,褚遂; 展伯承,
《慧剑心魔》,A、,空手入白刃,展伯承; 华宗岱; 泰洛; 丘大必; 仇敖; 沙铁山; 空空儿,
《慧剑心魔》,A、,天罡剑法,展伯承,
《慧剑心魔》,A、,大力鹰爪功,班彪; 沙铁山,
《慧剑心魔》,A、,断魂刀,班彪,
《慧剑心魔》,A、,夺魄枪,班冲,
《慧剑心魔》,A、,狮子吼功,华宗岱; 展元修,
《慧剑心魔》,A、,天魔杖法,卜天仇,
《慧剑心魔》,A、,绵掌,展伯承; 华宗岱; 沙铁山; 司空图,
《慧剑心魔》,A、,尉迟鞭法,尉迟俊,
《慧剑心魔》,A、,大摔碑手,华宗岱; 方辟符; 周同; 铁摩勒,
《慧剑心魔》,A、,袁公剑法,段克邪; 空空儿; 铁铮,
《慧剑心魔》,A、,分筋错骨手法,段克邪; 辛芷姑; 沙铁山,
《慧剑心魔》,A、,大力金刚掌,泰洛; 沙铁山; 周同,少林派
《慧剑心魔》,A、,腐骨掌,泰洛,
《慧剑心魔》,A、,飞龙剑法,铁摩勒; 铁凝,
《慧剑心魔》,A、,游身剑法,铁凝,
《慧剑心魔》,A、,醉八仙拳法,丘大必,
《慧剑心魔》,A、,五行拳,鲍泰,少林派
《慧剑心魔》,A、,七步追魂掌,羊牧劳; 沙铁山,
《慧剑心魔》,A、,乱披风刀法,南夏雷; 楚平原,
《慧剑心魔》,A、,大擒拿手法,司空猛; 司空图,
《慧剑心魔》,A、,惊神笔法,华宗岱; 华剑虹; 铁铮,
《慧剑心魔》,A、,弹指神通,司空猛; 空空儿,
《慧剑心魔》,A、,五虎断门刀,褚遂; 褚葆龄; 帅万雄; 刘芒; 郑镇国; 秦观海,
《慧剑心魔》,A、,长拳,鲍泰,
《慧剑心魔》,A、,泼风刀,仇敖,
《慧剑心魔》,A、,游身八卦刀,刘芒,
《慧剑心魔》,A、,大手印,无咎; 无妄,
《慧剑心魔》,A、,天龙掌法,铁摩勒,
《慧剑心魔》,B、,防御类,,
《慧剑心魔》,B、,铁布衫,程德威,
《慧剑心魔》,B、,金钟罩,无,
《慧剑心魔》,B、,沾衣十八跌,华宗岱; 甘泉; 空空儿,
《慧剑心魔》,B、,童子功,段克邪,
《慧剑心魔》,C、,轻功类,,
《慧剑心魔》,C、,五禽身法,展伯承,
《慧剑心魔》,C、,八步赶蝉,段克邪,
《慧剑心魔》,C、,一鹤冲天,铁凝; 空空儿,
《慧剑心魔》,C、,草上飞,华宗岱,
《慧剑心魔》,C、,登萍渡水,秦观海,
《慧剑心魔》,D、,其他类,,
《慧剑心魔》,D、,千斤坠,空空儿,
《慧剑心魔》,D、,天魔解体大法,展元修,
《慧剑心魔》,E、,独门暗器,使用者,
《慧剑心魔》,E、,锦云兜,曲英,
《剑网尘丝》,,武功资料,,
《剑网尘丝》,A、,攻击类,,
《剑网尘丝》,A、,绵掌,姜雪君的母亲; 丁勃; 假剪千崖（慕容垂）; 剪乾坤,
《剑网尘丝》,A、,一指禅功,无,
《剑网尘丝》,A、,混元一炁功,孟仲强; 剪一山; 齐燕然; 卫天元; 卫承纲,华山派、昆仑派
《剑网尘丝》,A、,弹指神通,卫天元; 齐勒铭; 汤怀远; 齐燕然,
《剑网尘丝》,A、,八卦掌,王殿英,
《剑网尘丝》,A、,蹑云剑法,徐中乐; 穆志遥; 穆良驹; 穆良骅,穆家
《剑网尘丝》,A、,大摔碑手,徐中乐; 徐锦瑶; 剪千崖; 假剪千崖（慕容垂）; 剪乾坤; 彭大遒,
《剑网尘丝》,A、,阴阳五行掌,剪千崖,
《剑网尘丝》,A、,连环夺命剑法,游扬; 叶忍堂; 一瓢道人; 玉虚子,武当派、崆峒派
《剑网尘丝》,A、,龙爪手,剪千崖; 凌虚,华山派
《剑网尘丝》,A、,小天星掌力,卫天元; 游扬,
《剑网尘丝》,A、,金刚掌力,游扬; 大内侍卫,少林派
《剑网尘丝》,A、,铁袖功,无,少林派、雪山派
《剑网尘丝》,A、,流云飞袖,齐燕然; 齐漱玉; 卫承纲; 卫天元,
《剑网尘丝》,A、,惊神笔法,楚劲松; 楚天舒,扬州楚家
《剑网尘丝》,A、,六阳手,无,保定杨家
《剑网尘丝》,A、,太清气功,卫天元,
《剑网尘丝》,A、,小擒拿手法,鲍令晖; 卫天元,
《剑网尘丝》,A、,柔云剑法,无,武当派
《剑网尘丝》,A、,雷神掌,假剪千崖（慕容垂）,西藏密宗
《剑网尘丝》,A、,乱披风拐法,贺敬金; 李力宏,
《剑网尘丝》,A、,铁指功,卢志高,
《剑网尘丝》,A、,地堂刀刀法,骆宏,保定石家
《剑网尘丝》,A、,鸳鸯进步连环腿,齐漱玉; 汤怀远,
《剑网尘丝》,A、,大擒拿手法,凌霄,
《剑网尘丝》,A、,大须弥剑式,齐燕然; 天山派弟子,天山派
《剑网尘丝》,A、,无极剑法,无,华山派
《剑网尘丝》,A、,五行拳,凌虚,华山派
《剑网尘丝》,A、,三才剑法,天梧的三个弟子,
《剑网尘丝》,A、,罗汉拳,印新磨,少林派
《剑网尘丝》,A、,般若神功,印新磨,少林派
《剑网尘丝》,A、,伏魔杖,印新磨,少林派
《剑网尘丝》,A、,五虎断门刀法,谢国镗; 鲍胜,
《剑网尘丝》,A、,雷神指,齐勒铭; 欧阳镜无,
《剑网尘丝》,A、,狮子吼功,楚劲松,
《剑网尘丝》,A、,大挪移五行推手,齐燕然; 齐勒铭; 卫天元,
《剑网尘丝》,A、,空手入白刃,齐勒铭,
《剑网尘丝》,A、,铁砂掌,无,
《剑网尘丝》,A、,毒砂掌,无,
《剑网尘丝》,A、,火焰刀,宇文浩,白驼山
《剑网尘丝》,A、,寒冰掌,宇文浩,白驼山
《剑网尘丝》,A、,大力鹰爪功,佟开甲; 王大鹏,
《剑网尘丝》,A、,幻剑,上官飞凤,
《剑网尘丝》,B、,防御类,,
《剑网尘丝》,B、,沾衣十八跌,卫天元; 齐勒铭,
《剑网尘丝》,C、,轻功类,,
《剑网尘丝》,C、,蹑云步法,穆良驹; 穆良骅,
《剑网尘丝》,C、,八步赶蝉,楚天舒; 楚天虹,
《剑网尘丝》,D、,其他类,,
《剑网尘丝》,D、,天遁传音,齐勒铭; 上官飞凤,
《剑网尘丝》,D、,天魔解体大法,齐勒铭,
《剑网尘丝》,E、,兵刃暗器,,
《剑网尘丝》,E1、,奇兵利刃,使用者,
《剑网尘丝》,E1、,藤蛇鞭,齐燕然; 齐漱玉,
《剑网尘丝》,E2、,独门暗器,使用者,
《剑网尘丝》,E2、,香雾弹,宇文浩,
《广陵剑》,,武功资料,,
《广陵剑》,A、,攻击类,,
《广陵剑》,A、,蟠龙刀法,单拔群,
《广陵剑》,A、,大擒拿手法,单拔群; 宁广德; 穆士杰; 令狐雍,
《广陵剑》,A、,金刚指力,云浩,
《广陵剑》,A、,无名剑法（广陵剑）,张丹枫; 陈石星,
《广陵剑》,A、,弹指神通,云浩; 单拔群; 陈石星; 葛南威,
《广陵剑》,A、,金刚掌力,云浩,少林派
《广陵剑》,A、,狮子吼功,云浩; 单拔群; 张丹枫,
《广陵剑》,A、,修罗阴煞功,乔北溟; 厉抗天,
《广陵剑》,A、,绵掌,雷震岳,
《广陵剑》,A、,云家刀法,云浩; 云瑚; 陈石星; 黑摩诃,
《广陵剑》,A、,疯魔杖法,铁杖禅师,少林派
《广陵剑》,A、,闪电刀法,余峻峰,
《广陵剑》,A、,一指禅功,段剑平,
《广陵剑》,A、,大力鹰爪功,沙通海; 宁广德; 诸宏; 穆士杰; 东门壮; 王宗允,
《广陵剑》,A、,尉迟鞭法,霍六奇,
《广陵剑》,A、,混元一炁功,章铁夫; 仲帮主,
《广陵剑》,A、,铁砂掌,章铁夫; 房豪,
《广陵剑》,A、,分筋错骨手法,章铁夫; 雷震岳; 陈石星; 房豪; 佘迪民; 赫天德,
《广陵剑》,A、,大摔碑手,潘力宏; 石广元; 池梁; 令狐雍; 慕容圭,
《广陵剑》,A、,五行掌法,章铁夫,
《广陵剑》,A、,阴阳掌,令狐雍,
《广陵剑》,A、,空手入白刃,宁广德,
《广陵剑》,A、,连环夺命剑法,黄叶道人,
《广陵剑》,A、,铁袖功,弥罗法师; 阎宗保,
《广陵剑》,A、,霹雳掌,无,武当派
《广陵剑》,A、,混玄一煞功,穆士杰,
《广陵剑》,A、,惊神笔法,葛南威; 池梁,
《广陵剑》,A、,金弓十八打,无,
《广陵剑》,A、,越女剑法,杜素素,
《广陵剑》,A、,劈挂掌,姜选,
《广陵剑》,A、,奔雷掌,符坚城,
《广陵剑》,A、,龙爪手,袁奎,
《广陵剑》,A、,天魔掌,弥罗法师,
《广陵剑》,A、,连环鸳鸯腿,沙通海,
《广陵剑》,A、,孟家快刀,无,
《广陵剑》,A、,石家快刀,无,
《广陵剑》,A、,追风刀刀法,阿璞; 风天扬,
《广陵剑》,A、,龙象功,弥罗法师,
《广陵剑》,A、,大手印,弥罗法师,
《广陵剑》,A、,纯阳罡气,葛南威,
《广陵剑》,A、,天龙功,柳树庄,
《广陵剑》,B、,防御类,,
《广陵剑》,B、,沾衣十八跌,陈石星; 司空阔,
《广陵剑》,C、,轻功类,,
《广陵剑》,C、,八步赶蝉,陈石星; 云瑚,
《广陵剑》,C、,比翼双（齐）飞,陈石星; 云瑚,
《广陵剑》,C、,燕子三抄水,云瑚,
《广陵剑》,D、,其他类,,
《广陵剑》,D、,童子功,池梁,
《广陵剑》,D、,大周天吐纳法,陈石星,
《广陵剑》,D、,千斤坠,陈石星; 令狐雍,
《广陵剑》,D、,壁虎游墙功,龙成斌,
《广陵剑》,D、,刀网阵,余峻峰,
《广陵剑》,E、,兵刃暗器,,
《广陵剑》,E1、,奇兵利刃,使用者,
《广陵剑》,E1、,白虹剑,张丹枫; 陈石星,
《广陵剑》,E1、,青冥剑,云蕾; 云瑚,
《广陵剑》,E1、,天龙剑,柳树庄; 柳摇风,
《广陵剑》,E1、,暖玉箫,葛南威; 池梁,
《广陵剑》,E1、,玄铁万字双夺,司空阔,
《广陵剑》,E1、,绿玉杖,黑摩诃; 白摩诃,
《广陵剑》,E1、,骷髅烈火鞭,六阳真君,
《广陵剑》,E2、,独门暗器,使用者,
《广陵剑》,E2、,蝴蝶镖,巫三娘子,
《广陵剑》,E2、,毒龙镖,铁广,
《广陵剑》,E2、,毒雾金针烈焰弹,巫秀花; 巫三娘子,
《风云雷电》,,武功资料,,
《风云雷电》,A、,攻击类,,
《风云雷电》,A、,绵掌,石错; 石错之子; 石元; 吕东岩,武当派
《风云雷电》,A、,紫金刀法,石攻,
《风云雷电》,A、,混元剑法,玄经道人,归元寺
《风云雷电》,A、,奇门七绝掌,风天扬,
《风云雷电》,A、,雷神掌,独孤雄,
《风云雷电》,A、,毒砂掌,胡轩,
《风云雷电》,A、,双笔点四脉,连浩明; 王鹏运,
《风云雷电》,A、,小擒拿手法,年震山; 秦龙飞; 娄人俊; 云中燕; 耿电,少林派
《风云雷电》,A、,空手入白刃,风天扬; 赵登禹; 娄英豪; 杨浣青; 罗浩威; 翦长春,
《风云雷电》,A、,大力鹰爪手（功）,凌铁威; 年震山; 娄人俊; 赵登禹; 楚雁行; 班建侯,
《风云雷电》,A、,霹雳掌,秦虎啸; 秦龙飞; 凌铁威; 秦明,
《风云雷电》,A、,伏魔掌,陆昆仑,
《风云雷电》,A、,大摔碑手,丘大成; 赵武仲; 孟霆,
《风云雷电》,A、,分筋错骨手法,丘大成; 赵登禹; 卓合图; 风天扬; 麻三; 年震山; 萨怒穷; 班建侯; 郑友宝; 耿电,
《风云雷电》,A、,大擒拿手法,赵登禹; 年震山; 娄人俊; 乌蒙,
《风云雷电》,A、,小天星掌力,赵登禹; 耿电,
《风云雷电》,A、,铁袖功,凌铁威,
《风云雷电》,A、,狮子吼功,李思南,
《风云雷电》,A、,乱披风剑法,吕玉瑶; 李学松,
《风云雷电》,A、,龙象功,龙象法王; 乌蒙; 宇文化及; 无妄上人,
《风云雷电》,A、,毒血箭,萨努穷,
《风云雷电》,A、,铁砂掌,杨守义; 翦长春; 武师,
《风云雷电》,A、,蹑云剑法,白坚武; 风天扬,
《风云雷电》,A、,五虎断门刀法,罗浩威; 杨浣青; 刘博; 石昆,
《风云雷电》,A、,大手印,萨怒穷,西藏密宗
《风云雷电》,A、,青砂掌,萨怒穷; 秦龙飞,
《风云雷电》,A、,须弥剑法,屠百城; 风天扬,
《风云雷电》,A、,修罗阴煞功,朱九穆,
《风云雷电》,A、,地堂刀,罗浩威,
《风云雷电》,A、,达摩剑法,谷涵虚,少林派
《风云雷电》,A、,游身八卦掌法,萨怒穷,
《风云雷电》,A、,大士拳,杨浣青; 萨怒穷之师,
《风云雷电》,A、,大衍八式,耿照; 耿电; 桑青虹; 桑见田; 公孙璞,
《风云雷电》,A、,惊神指（笔）法,檀羽冲; 完颜长之; 完颜豪; 杨浣青; 秦龙飞,
《风云雷电》,A、,虎爪擒拿手法,翦长春,
《风云雷电》,A、,黑煞掌,端木赐,
《风云雷电》,A、,金鹏十八变掌法,林重,
《风云雷电》,A、,劈云锄法,朝元道人,
《风云雷电》,A、,伏魔铲法,观照,少林派
《风云雷电》,A、,混元掌力,归伯奎,
《风云雷电》,A、,弹指神通,完颜长之; 班建侯; 年大成,
《风云雷电》,A、,大力金刚掌,陆昆仑; 薛兆,丐帮
《风云雷电》,A、,打狗棒法,无,丐帮
《风云雷电》,A、,伏魔杖法,无,丐帮
《风云雷电》,A、,鸭形拳,拳师,鸭形拳
《风云雷电》,A、,猴拳,大圣门弟子,大圣门
《风云雷电》,A、,尉迟鞭,紫膛脸的汉子,尉迟鞭
《风云雷电》,A、,铁琵琶手,马展,
《风云雷电》,A、,罗汉拳,罗宏,
《风云雷电》,A、,追魂夺命剑,杜长青; 杜玉门,追魂剑
《风云雷电》,A、,地堂拳,褚凡,
《风云雷电》,A、,鸳鸯连环腿,薛兆,少林派
《风云雷电》,A、,龙形一字剑,呼韩邪; 巴真,
《风云雷电》,A、,三才剑法,司空涛; 呼延化,
《风云雷电》,A、,韦陀剑法,李思南,
《风云雷电》,A、,大周天五行掌法,完颜长之,
《风云雷电》,B、,防御类,,
《风云雷电》,B、,沾衣十八跌,云中燕; 李思南,
《风云雷电》,B、,金钟罩,杨大熊,
《风云雷电》,B、,铁布衫,无,
《风云雷电》,C、,轻功类,,
《风云雷电》,C、,壁虎游墙,风天扬,
《风云雷电》,C、,八步赶蝉,杨浣青,
《风云雷电》,D、,其他类,,
《风云雷电》,D、,千斤坠,凌铁威; 杨守义; 李思南; 罗浩威,
《风云雷电》,E、,兵刃暗器,,
《风云雷电》,E1、,奇兵利刃,使用者,
《风云雷电》,E1、,暖玉箫,檀羽冲,
《风云雷电》,E2、,独门暗器,使用者,
《风云雷电》,E2、,夺命神砂,石元,
《风云雷电》,E2、,毒龙镖,屠百城,
《武当一剑》,,武功资料,,
《武当一剑》,A、,攻击类,,
《武当一剑》,A、,太极剑法,耿（蓝）玉京; 耿京士; 张三丰; 何其武; 不败; 无色; 戈振军（不岐）; 无相; 不戒; 牟一羽; 西门燕; 不悔; 不波; 蓝水灵; 牟沧浪（无名）; 东方亮; 殷明珠; 王晦闻,武当派
《武当一剑》,A、,太极掌力,无量; 无相; 无极,武当派
《武当一剑》,A、,太极拳法,无相; 无极; 王晦闻,武当派
《武当一剑》,A、,连环夺命剑法,何其武; 戈振军（不岐）; 牟一羽; 蓝水灵; 耿（蓝）玉京; 东方亮; 无相; 无色,武当派
《武当一剑》,A、,风雷掌法,长白山派掌门人; 西门牧,长白山派
《武当一剑》,A、,七星剑法,郭东来,
《武当一剑》,A、,风雷剑法,不败,
《武当一剑》,A、,飞鹰回旋剑法,玄贞子; 向天明; 东方亮,
《武当一剑》,A、,大擒拿手法,韩大哥; 老三; 虬髯汉子; 韩翔; 韩成; 英松龄,
《武当一剑》,A、,柔云剑法,不悔; 蓝水灵,
《武当一剑》,A、,小擒拿手法,圆通; 东方亮,少林派
《武当一剑》,A、,大力金刚掌,圆通; 牟一羽家的仆人; 王晦闻,
《武当一剑》,A、,（擒）龙爪手,圆通; 圆性; 痛禅上人,少林派
《武当一剑》,A、,小天星掌力,圆通; 牟一羽,
《武当一剑》,A、,大须弥剑式,东方亮,天山派
《武当一剑》,A、,昆仑剑法,东方亮,昆仑派
《武当一剑》,A、,分筋错骨手法,慧可,
《武当一剑》,A、,金刚杵,圆真,少林派
《武当一剑》,A、,四平拳,慧可,
《武当一剑》,A、,神化少林,圆真,少林派
《武当一剑》,A、,达摩剑法,圆真,少林派
《武当一剑》,A、,大力鹰爪功,韩翔; 英松龄,
《武当一剑》,A、,罗汉拳,慧可; 张三丰,少林派
《武当一剑》,A、,空手入白刃,圆通; 王晦闻,
《武当一剑》,A、,连家笔法,连横,山西连家
《武当一剑》,A、,大手印,嘉错法师,
《武当一剑》,A、,追风剑法,西门燕,
《武当一剑》,A、,阴阳掌力,英松龄,
《武当一剑》,A、,三煞掌,长白山派掌门人,长白山派
《武当一剑》,A、,惊涛剑法,西门牧; 西门燕; 殷明珠,
《武当一剑》,B、,防御类,,
《武当一剑》,B、,沾衣十八跌,向天明,
《武当一剑》,C、,轻功类,,
《武当一剑》,C、,一鹤冲宵,东方亮,
《武当一剑》,D、,其他类,,
《武当一剑》,D、,大周天吐纳法,无相,
《武当一剑》,D、,小周天吐纳法,蓝水灵,
《武当一剑》,D、,童子功,无,
《武当一剑》,E、,独门暗器,使用者,
《武当一剑》,E、,青蜂针,常五娘,
《武当一剑》,E、,雷火弹,常五娘,
《武当一剑》,E、,霹雳弹,唐仲山,
