from,to,relation,novel,section
李渊,李世民,父母子女/亲属,女帝奇英传,大唐皇室与朝廷
李世民,李治,父母子女/亲属,女帝奇英传,大唐皇室与朝廷
李治,李逸,父母子女/亲属,女帝奇英传,李治 --夫妻-- 文成公主
李逸,李韬,父母子女/亲属,女帝奇英传,李治 --夫妻-- 文成公主
李韬,李希敏,父母子女/亲属,女帝奇英传,李治 --夫妻-- 文成公主
李希敏,长孙璧,父母子女/亲属,女帝奇英传,李治 --夫妻-- 文成公主
长孙璧,长孙均量,父母子女/亲属,女帝奇英传,李治 --夫妻-- 文成公主
长孙璧,徐敬业,父母子女/亲属,女帝奇英传,长孙均量 --夫妻-- 李逸
徐敬业,程务挺,上下属,女帝奇英传,长孙均量 --夫妻-- 李逸
程务挺,上官婉儿,父母子女/亲属,女帝奇英传,长孙均量 --夫妻-- 李逸
李建成,李渊,父母子女/亲属,女帝奇英传,长孙均量 --夫妻-- 李逸
李建成,李豹,父母子女/亲属,女帝奇英传,长孙均量 --夫妻-- 李逸
尉迟恭,尉迟炯,后人,女帝奇英传,长孙均量 --夫妻-- 李逸
尉迟炯,上官庭芝,上下属,女帝奇英传,长孙均量 --夫妻-- 李逸
上官庭芝,裴文庆,父母子女/亲属,女帝奇英传,上官庭芝 --夫妻-- 郑十三娘
裴文庆,王安,父母子女/亲属,女帝奇英传,上官庭芝 --夫妻-- 郑十三娘
上官婉儿,郑十三娘,父母子女/亲属,女帝奇英传,上官庭芝 --夫妻-- 郑十三娘
长孙泰,郑十三娘,父母子女/亲属,女帝奇英传,上官庭芝 --夫妻-- 郑十三娘
长孙泰,长孙情,父母子女/亲属,女帝奇英传,上官庭芝 --夫妻-- 郑十三娘
长孙情,如意,上下属,女帝奇英传,上官庭芝 --夫妻-- 郑十三娘
袁叔度,袁琼香,留后,女帝奇英传,武家、周朝相关
袁琼香,妙玉,父母子女/亲属,女帝奇英传,武家、周朝相关
袁琼香,武玄霜,父母子女/亲属,女帝奇英传,武家、周朝相关
袁琼香,武承嗣,父母子女/亲属,女帝奇英传,武家、周朝相关
袁琼香,武则天,父母子女/亲属,女帝奇英传,武家、周朝相关
武则天,武玄霜,父母子女/亲属,女帝奇英传,武家、周朝相关
武则天,金冠道人,父母子女/亲属,女帝奇英传,武家、周朝相关
武则天,封牧野,父母子女/亲属,女帝奇英传,武家、周朝相关
武承嗣,太平公主,父母子女/亲属,女帝奇英传,武家、周朝相关
太平公主,萧至忠,上下属,女帝奇英传,太平公主 --夫妻-- 窦怀贞
太平公主,李弘,父母子女/亲属,女帝奇英传,太平公主 --夫妻-- 窦怀贞
太平公主,李贤,父母子女/亲属,女帝奇英传,太平公主 --夫妻-- 窦怀贞
太平公主,李显,父母子女/亲属,女帝奇英传,太平公主 --夫妻-- 窦怀贞
太平公主,李旦,父母子女/亲属,女帝奇英传,太平公主 --夫妻-- 窦怀贞
武玄霜,武飞卿,师徒,女帝奇英传,太平公主 --夫妻-- 窦怀贞
武飞卿,崔九符,父母子女/亲属,女帝奇英传,太平公主 --夫妻-- 窦怀贞
崔九符,祝见喜,上下属,女帝奇英传,太平公主 --夫妻-- 窦怀贞
祝见喜,生布衣,父母子女/亲属,女帝奇英传,太平公主 --夫妻-- 窦怀贞
生布衣,武延秀,父母子女/亲属,女帝奇英传,太平公主 --夫妻-- 窦怀贞
武延秀,张易之,父母子女/亲属,女帝奇英传,太平公主 --夫妻-- 窦怀贞
张易之,黑齿常之,父母子女/亲属,女帝奇英传,太平公主 --夫妻-- 窦怀贞
丘神勣,程务申,上下属,女帝奇英传,太平公主 --夫妻-- 窦怀贞
程务申,裴炎,父母子女/亲属,女帝奇英传,太平公主 --夫妻-- 窦怀贞
裴炎,熊白山,父母子女/亲属,女帝奇英传,太平公主 --夫妻-- 窦怀贞
熊白山,裴昌,父母子女/亲属,女帝奇英传,太平公主 --夫妻-- 窦怀贞
裴昌,谢补之,父母子女/亲属,女帝奇英传,太平公主 --夫妻-- 窦怀贞
张廷,西门霸,父母子女/亲属,女帝奇英传,太平公主 --夫妻-- 窦怀贞
西门霸,李明之,父母子女/亲属,女帝奇英传,太平公主 --夫妻-- 窦怀贞
李明之,崔仲元,父母子女/亲属,女帝奇英传,太平公主 --夫妻-- 窦怀贞
崔仲元,白元化,父母子女/亲属,女帝奇英传,太平公主 --夫妻-- 窦怀贞
白元化,韩荣,父母子女/亲属,女帝奇英传,太平公主 --夫妻-- 窦怀贞
秦槐,萧至忠,父母子女/亲属,女帝奇英传,太平公主 --夫妻-- 窦怀贞
萧至忠,太平公主,父母子女/亲属,女帝奇英传,太平公主 --夫妻-- 窦怀贞
程建男,程达苏,父母子女/亲属,女帝奇英传,伏虎帮
程达苏,南宫尚,上下属,女帝奇英传,伏虎帮
程达苏,符不疑,父母子女/亲属,女帝奇英传,伏虎帮
符不疑,夏侯坚,父母子女/亲属,女帝奇英传,伏虎帮
鲁哈扎儿,默啜,父母子女/亲属,女帝奇英传,卡洛丝 --夫妻-- 沙尔海
莫贺达,百忧上人,师徒,女帝奇英传,卡洛丝 --夫妻-- 沙尔海
天恶道人,毒观音,师徒,女帝奇英传,卡洛丝 --夫妻-- 沙尔海
阳太华,天恶道人,师徒,女帝奇英传,卡洛丝 --夫妻-- 沙尔海
阳太华,百忧上人,师徒,女帝奇英传,卡洛丝 --夫妻-- 沙尔海
灰度神君,阳太华,师徒,女帝奇英传,卡洛丝 --夫妻-- 沙尔海
龙绍圣,谷神翁,师徒,女帝奇英传,阳镜明
牟沧浪,牟独逸,后人,女帝奇英传,武当派主线
牟独逸,张三丰,后人,女帝奇英传,武当派主线
牟一羽,牟沧浪,父母子女/亲属,女帝奇英传,武当派主线
牟沧浪,牟一羽,父母子女/亲属,女帝奇英传,牟沧浪 --情侣-- 小五义
牟一羽,无极道人,师徒,女帝奇英传,牟沧浪 --情侣-- 小五义
无极道人,无相真人,师徒,女帝奇英传,牟沧浪 --情侣-- 小五义
无相真人,金光真人,师徒,女帝奇英传,牟沧浪 --情侣-- 小五义
金光真人,幻空真人,师徒,女帝奇英传,牟沧浪 --情侣-- 小五义
蓝水灵,蓝掌山,师徒,女帝奇英传,牟沧浪 --情侣-- 小五义
蓝水灵,何亮,父母子女/亲属,女帝奇英传,牟沧浪 --情侣-- 小五义
何亮,不妄,父母子女/亲属,女帝奇英传,牟沧浪 --情侣-- 小五义
不妄,不难,父母子女/亲属,女帝奇英传,牟沧浪 --情侣-- 小五义
不难,不戒,父母子女/亲属,女帝奇英传,牟沧浪 --情侣-- 小五义
不戒,不歧,父母子女/亲属,女帝奇英传,牟沧浪 --情侣-- 小五义
不歧,何其武,父母子女/亲属,女帝奇英传,牟沧浪 --情侣-- 小五义
何其武,耿玉京,师徒,女帝奇英传,牟沧浪 --情侣-- 小五义
耿京士,何玉燕,父母子女/亲属,女帝奇英传,耿玉京 --夫妻-- 耿京士
不波,无相真人,师徒,女帝奇英传,耿玉京 --夫妻-- 耿京士
丁玄鹤,不歧,父母子女/亲属,女帝奇英传,耿玉京 --夫妻-- 耿京士
丁玄鹤,何其武,师徒,女帝奇英传,耿玉京 --夫妻-- 耿京士
无量道人,无相真人,师徒,女帝奇英传,耿玉京 --夫妻-- 耿京士
无量道人,不败,师徒,女帝奇英传,耿玉京 --夫妻-- 耿京士
无量道人,不呆,师徒,女帝奇英传,耿玉京 --夫妻-- 耿京士
无量道人,不破,师徒,女帝奇英传,耿玉京 --夫妻-- 耿京士
无量道人,不弱,师徒,女帝奇英传,耿玉京 --夫妻-- 耿京士
无色道人,不浮,师徒,女帝奇英传,耿玉京 --夫妻-- 耿京士
凤栖梧,红绡,上下属,女帝奇英传,小五义
红绡,紫玉,上下属,女帝奇英传,小五义
紫玉,西门燕,上下属,女帝奇英传,小五义
西门燕,陆志诚,上下属,女帝奇英传,小五义
陆志诚,来保儿,上下属,女帝奇英传,小五义
来保儿,王晦闻,上下属,女帝奇英传,小五义
王晦闻,王晦卢,父母子女/亲属,女帝奇英传,小五义
郭璞,郭东来,父母子女/亲属,女帝奇英传,小五义
郭东来,王晦闻,父母子女/亲属,女帝奇英传,小五义
王晦闻,殷明珠,父母子女/亲属,女帝奇英传,小五义
穆盈盈,郭璞,父母子女/亲属,女帝奇英传,穆盈盈 --情侣-- 殷明珠
慧可,丁经,上下属,女帝奇英传,穆盈盈 --情侣-- 殷明珠
丁经,丁凡,父母子女/亲属,女帝奇英传,穆盈盈 --情侣-- 殷明珠
慧可,丁凡,上下属,女帝奇英传,穆盈盈 --情侣-- 殷明珠
殷明珠,东方皓,师徒,女帝奇英传,穆盈盈 --情侣-- 殷明珠
东方皓,东方亮,师徒,女帝奇英传,穆盈盈 --情侣-- 殷明珠
东方亮,向天明,师徒,女帝奇英传,穆盈盈 --情侣-- 殷明珠
向天明,玄贞子,师徒,女帝奇英传,穆盈盈 --情侣-- 殷明珠
玄贞子,玄通子,同门/师兄弟,女帝奇英传,穆盈盈 --情侣-- 殷明珠
慧可,丁经,师徒,女帝奇英传,少林
丁经,丁凡,父母子女/亲属,女帝奇英传,少林
唐仇仙,唐仰山,父母子女/亲属,女帝奇英传,四川唐家
常五娘,唐仰山,父母子女/亲属,女帝奇英传,唐仰山 --夫妻-- 常五娘
陆志诚,罗江峰,父母子女/亲属,女帝奇英传,黑鲨帮
罗江峰,连慎,父母子女/亲属,女帝奇英传,黑鲨帮
韩超,努尔哈赤,上下属,女帝奇英传,金国
齐真君,金鼎礼,上下属,女帝奇英传,金国
金鼎礼,廖学柜,上下属,女帝奇英传,金国
廖学柜,英松龄,上下属,女帝奇英传,金国
韩超,廖学柜,上下属,女帝奇英传,金国
韩翔,韩成,父母子女/亲属,女帝奇英传,断魂谷
韩翔,班大超,上下属,女帝奇英传,断魂谷
韩成,马一同,上下属,女帝奇英传,断魂谷
马一同,班大超,上下属,女帝奇英传,断魂谷
郑天豪,李文杰,同辈亲属,女帝奇英传,龙门帮
郑天豪,司马操,同辈亲属,女帝奇英传,龙门帮
郑天豪,龙霸天,同辈亲属,女帝奇英传,龙门帮
龙霸天,郑天豪,同辈亲属,女帝奇英传,龙门帮
太极丁,柳剑吟,师徒,女帝奇英传,丁派太极
柳剑吟,柳梦蝶,父母子女/亲属,女帝奇英传,丁派太极
丁剑鸣,丁晓,父母子女/亲属,柳梦蝶 --夫妻-- 丁剑鸣,
陈保明,陈永庆,父母子女/亲属,柳梦蝶 --夫妻-- 丁剑鸣,丁晓 --夫妻-- 陈保明
陈永庆,陈清平,父母子女/亲属,柳梦蝶 --夫妻-- 丁剑鸣,丁晓 --夫妻-- 陈保明
陈清平,杨露禅,师徒,柳梦蝶 --夫妻-- 丁剑鸣,丁晓 --夫妻-- 陈保明
金华,丁剑鸣,师徒,柳梦蝶 --夫妻-- 丁剑鸣,丁晓 --夫妻-- 陈保明
雷宏,丁剑鸣,师徒,柳梦蝶 --夫妻-- 丁剑鸣,丁晓 --夫妻-- 陈保明
杨振刚,姜正筠,师徒,柳梦蝶 --夫妻-- 丁剑鸣,丁晓 --夫妻-- 陈保明
姜正筠,姜翼贤,师徒,柳梦蝶 --夫妻-- 丁剑鸣,丁晓 --夫妻-- 陈保明
姜翼贤,卓不凡,师徒,柳梦蝶 --夫妻-- 丁剑鸣,丁晓 --夫妻-- 陈保明
管羽婵,刘云玉,父母子女/亲属,柳梦蝶 --夫妻-- 丁剑鸣,万胜门
刘云玉,刘展鹏,父母子女/亲属,柳梦蝶 --夫妻-- 丁剑鸣,万胜门
刘展鹏,刘云英,父母子女/亲属,柳梦蝶 --夫妻-- 丁剑鸣,万胜门
刘云英,刘希宏,父母子女/亲属,柳梦蝶 --夫妻-- 丁剑鸣,万胜门
刘展鹏,啸明神僧,师徒,柳梦蝶 --夫妻-- 丁剑鸣,万胜门
啸明神僧,左璧伦,师徒,柳梦蝶 --夫妻-- 丁剑鸣,万胜门
左璧伦,慧修,师徒,柳梦蝶 --夫妻-- 丁剑鸣,万胜门
慧修,心如神尼,师徒,柳梦蝶 --夫妻-- 丁剑鸣,万胜门
吴全佑,柳剑吟,师徒,柳梦蝶 --夫妻-- 丁剑鸣,陈派太极
吴全佑,左含英,师徒,柳梦蝶 --夫妻-- 丁剑鸣,陈派太极
陈保英,陈永传,父母子女/亲属,柳梦蝶 --夫妻-- 丁剑鸣,左含英 --夫妻-- 陈保英
杨班侯,杨露禅,父母子女/亲属,陈永传 --情侣-- 杨班侯,
杨班侯,杨露禅,父母子女/亲属,陈永传 --情侣-- 杨班侯,
刘黑三,吴万南,师徒,陈永传 --情侣-- 杨班侯,
吴万南,陈永传,父母子女/亲属,陈永传 --情侣-- 杨班侯,
吴全佑,杨班侯,师徒,陈永传 --情侣-- 杨班侯,
杨班侯,杨露禅,师徒,陈永传 --情侣-- 杨班侯,
杨班侯,陈永庆,父母子女/亲属,陈永传 --情侣-- 杨班侯,
陈永庆,陈清平,父母子女/亲属,陈永传 --情侣-- 杨班侯,
陈清平,杨露禅,师徒,陈永传 --情侣-- 杨班侯,
索善余,索志超,父母子女/亲属,陈永传 --情侣-- 杨班侯,索家
索志超,叶澄清,父母子女/亲属,陈永传 --情侣-- 杨班侯,索家
叶澄清,牟元通,父母子女/亲属,陈永传 --情侣-- 杨班侯,索家
姜凤琼,姜翼贤,父母子女/亲属,陈永传 --情侣-- 杨班侯,梅花门
姜翼贤,卓不凡,师徒,陈永传 --情侣-- 杨班侯,梅花门
朱红灯,李来中,上下属,陈永传 --情侣-- 杨班侯,梅花门
李来中,张德成,父母子女/亲属,陈永传 --情侣-- 杨班侯,梅花门
张德成,刘三姑,父母子女/亲属,陈永传 --情侣-- 杨班侯,梅花门
刘三姑,王虎子,父母子女/亲属,陈永传 --情侣-- 杨班侯,梅花门
王虎子,杜赵驴,父母子女/亲属,陈永传 --情侣-- 杨班侯,梅花门
曹福田,董二姑,上下属,陈永传 --情侣-- 杨班侯,梅花门
董二姑,岳君雄,父母子女/亲属,陈永传 --情侣-- 杨班侯,梅花门
戴树琪,卓不凡,父母子女/亲属,陈永传 --情侣-- 杨班侯,义和团
戴树琪,曹福田,父母子女/亲属,陈永传 --情侣-- 杨班侯,义和团
曹福田,董二姑,父母子女/亲属,陈永传 --情侣-- 杨班侯,义和团
董二姑,岳君雄,父母子女/亲属,陈永传 --情侣-- 杨班侯,义和团
洪宣娇,洪秀全,父母子女/亲属,陈永传 --情侣-- 杨班侯,太平天国
洪秀全,杨秀清,同辈亲属,陈永传 --情侣-- 杨班侯,太平天国
杨秀清,陈玉成,父母子女/亲属,陈永传 --情侣-- 杨班侯,太平天国
陈玉成,洪仁轩,父母子女/亲属,陈永传 --情侣-- 杨班侯,太平天国
洪仁轩,太平天国,同辈亲属,陈永传 --情侣-- 杨班侯,太平天国
武铁樵,卫越,师徒,陈永传 --情侣-- 杨班侯,西部 / 马帮、回纥、师陀国、伊克昭盟
卫越,焦固,父母子女/亲属,陈永传 --情侣-- 杨班侯,西部 / 马帮、回纥、师陀国、伊克昭盟
焦固,孟文华,上下属,陈永传 --情侣-- 杨班侯,西部 / 马帮、回纥、师陀国、伊克昭盟
孟文华,乐山,上下属,陈永传 --情侣-- 杨班侯,西部 / 马帮、回纥、师陀国、伊克昭盟
焦固,石青阳,父母子女/亲属,陈永传 --情侣-- 杨班侯,西部 / 马帮、回纥、师陀国、伊克昭盟
焦固,马翼,上下属,陈永传 --情侣-- 杨班侯,西部 / 马帮、回纥、师陀国、伊克昭盟
孟文华,车迟,上下属,陈永传 --情侣-- 杨班侯,西部 / 马帮、回纥、师陀国、伊克昭盟
车迟,王素,上下属,陈永传 --情侣-- 杨班侯,西部 / 马帮、回纥、师陀国、伊克昭盟
王素,韩介,上下属,陈永传 --情侣-- 杨班侯,西部 / 马帮、回纥、师陀国、伊克昭盟
曲离,拓拔赤,上下属,陈永传 --情侣-- 杨班侯,乙辛
拓拔赤,拓拔雄,父母子女/亲属,陈永传 --情侣-- 杨班侯,乙辛
宇文扶威,宇文虹霓,父母子女/亲属,陈永传 --情侣-- 杨班侯,届笑迪
宇文虹霓,哈觉,父母子女/亲属,陈永传 --情侣-- 杨班侯,届笑迪
宇文虹霓,楚平原,父母子女/亲属,陈永传 --情侣-- 杨班侯,届笑迪
陈凤家,陈元英,父母子女/亲属,陈永传 --情侣-- 杨班侯,届笑迪
萨巴,薛香贝,父母子女/亲属,陈永传 --情侣-- 杨班侯,届笑迪
南霁云,牟万存,师徒,陈永传 --情侣-- 杨班侯,唐镜老人一门
牟万存,方醉符,师徒,陈永传 --情侣-- 杨班侯,唐镜老人一门
方醉符,铁摩勒,师徒,陈永传 --情侣-- 杨班侯,唐镜老人一门
牟万存,卜安期,师徒,陈永传 --情侣-- 杨班侯,唐镜老人一门
雷海青,牟万存,师徒,陈永传 --情侣-- 杨班侯,唐镜老人一门
南霁云,铁摩勒,师徒,陈永传 --情侣-- 杨班侯,唐镜老人一门
铁摩勒,铁铉,师徒,陈永传 --情侣-- 杨班侯,铁家
铁铉,铁凝,师徒,陈永传 --情侣-- 杨班侯,铁家
铁凝,华宗岱,父母子女/亲属,铁凝 --情侣-- 华剑虹,
华宗岱,铁沧名,父母子女/亲属,铁凝 --情侣-- 华剑虹,
铁沧名,甘泉,父母子女/亲属,铁凝 --情侣-- 华剑虹,
甘泉,韩湛,师徒,铁凝 --情侣-- 华剑虹,
韩湛,韩芷芬,父母子女/亲属,铁凝 --情侣-- 华剑虹,
铁摩勒,铁昆仑,父母子女/亲属,铁凝 --情侣-- 华剑虹,
铁昆仑,韩庄牙,师徒,铁凝 --情侣-- 华剑虹,
韩庄牙,韩湛,师徒,铁凝 --情侣-- 华剑虹,
韩湛,甘泉,父母子女/亲属,铁凝 --情侣-- 华剑虹,
藏灵子,空空儿,师徒,铁凝 --情侣-- 华剑虹,归夫人 --夫妻-- 藏灵子
辛芷姑,龙成香,师徒,铁凝 --情侣-- 华剑虹,空空儿 --夫妻-- 辛芷姑
龙成香,龙成芳,师徒,铁凝 --情侣-- 华剑虹,空空儿 --夫妻-- 辛芷姑
史南英,空空儿,师徒,铁凝 --情侣-- 华剑虹,穆安 --情侣-- 程康
史南英,铁凝,师徒,铁凝 --情侣-- 华剑虹,穆安 --情侣-- 程康
史南英,辛芷姑,父母子女/亲属,铁凝 --情侣-- 华剑虹,穆安 --情侣-- 程康
杨大雷,辛天雄,父母子女/亲属,铁凝 --情侣-- 华剑虹,杨大雷
窦令符,窦元,父母子女/亲属,铁凝 --情侣-- 华剑虹,窦令策
窦令佩,史彰,父母子女/亲属,铁凝 --情侣-- 华剑虹,窦令中
段克邪,史若梅,父母子女/亲属,铁凝 --情侣-- 华剑虹,段珪璋 --夫妻-- 段克邪
史若梅,史逸如,父母子女/亲属,铁凝 --情侣-- 华剑虹,段珪璋 --夫妻-- 段克邪
史若梅,卢梦蝶,父母子女/亲属,铁凝 --情侣-- 华剑虹,段珪璋 --夫妻-- 段克邪
史逸如,夏广济,父母子女/亲属,铁凝 --情侣-- 华剑虹,段珪璋 --夫妻-- 段克邪
李白,张巡,上下属,铁凝 --情侣-- 华剑虹,大唐朝廷
张巡,杨国忠,父母子女/亲属,铁凝 --情侣-- 华剑虹,大唐朝廷
杨国忠,杨贵妃,父母子女/亲属,铁凝 --情侣-- 华剑虹,大唐朝廷
杨贵妃,唐玄宗,父母子女/亲属,铁凝 --情侣-- 华剑虹,大唐朝廷
唐玄宗,长乐公主,父母子女/亲属,铁凝 --情侣-- 华剑虹,大唐朝廷
长乐公主,公孙大娘,父母子女/亲属,铁凝 --情侣-- 华剑虹,大唐朝廷
公孙大娘,独孤莹,师徒,铁凝 --情侣-- 华剑虹,大唐朝廷
独孤莹,独孤宇,父母子女/亲属,铁凝 --情侣-- 华剑虹,大唐朝廷
吕鸿秋,吕鸿春,父母子女/亲属,铁凝 --情侣-- 华剑虹,独孤宇 --夫妻-- 吕鸿秋
吕鸿春,刘芒,父母子女/亲属,铁凝 --情侣-- 华剑虹,独孤宇 --夫妻-- 吕鸿秋
许远,刘彦,上下属,铁凝 --情侣-- 华剑虹,独孤宇 --夫妻-- 吕鸿秋
刘彦,郭子仪,上下属,铁凝 --情侣-- 华剑虹,独孤宇 --夫妻-- 吕鸿秋
郭子仪,贺兰进明,上下属,铁凝 --情侣-- 华剑虹,独孤宇 --夫妻-- 吕鸿秋
贺兰进明,柏烈,上下属,铁凝 --情侣-- 华剑虹,独孤宇 --夫妻-- 吕鸿秋
秦襄,秦蒙,父母子女/亲属,铁凝 --情侣-- 华剑虹,独孤宇 --夫妻-- 吕鸿秋
秦蒙,周迟恭,父母子女/亲属,铁凝 --情侣-- 华剑虹,独孤宇 --夫妻-- 吕鸿秋
周迟恭,周述北,父母子女/亲属,铁凝 --情侣-- 华剑虹,独孤宇 --夫妻-- 吕鸿秋
周述北,周迟南,父母子女/亲属,铁凝 --情侣-- 华剑虹,独孤宇 --夫妻-- 吕鸿秋
李亨,武维扬,父母子女/亲属,铁凝 --情侣-- 华剑虹,独孤宇 --夫妻-- 吕鸿秋
宇文通,杜伏威,父母子女/亲属,铁凝 --情侣-- 华剑虹,独孤宇 --夫妻-- 吕鸿秋
夏侯勇,夏侯英,父母子女/亲属,铁凝 --情侣-- 华剑虹,王家
夏侯英,刘娥,父母子女/亲属,铁凝 --情侣-- 华剑虹,王家
刘娥,褚保龄,父母子女/亲属,铁凝 --情侣-- 华剑虹,王家
刘芒,格良,父母子女/亲属,铁凝 --情侣-- 华剑虹,褚保龄 --情侣-- 刘芒
格良,王伯通,父母子女/亲属,铁凝 --情侣-- 华剑虹,褚保龄 --情侣-- 刘芒
王伯通,王龙客,父母子女/亲属,铁凝 --情侣-- 华剑虹,褚保龄 --情侣-- 刘芒
夏侯勇,华良,父母子女/亲属,铁凝 --情侣-- 华剑虹,褚保龄 --情侣-- 刘芒
华良,屠龙,父母子女/亲属,铁凝 --情侣-- 华剑虹,褚保龄 --情侣-- 刘芒
屠龙,独孤莹,师徒,铁凝 --情侣-- 华剑虹,褚保龄 --情侣-- 刘芒
独孤莹,独孤宇,父母子女/亲属,铁凝 --情侣-- 华剑虹,褚保龄 --情侣-- 刘芒
令狐潮,史思明,父母子女/亲属,铁凝 --情侣-- 华剑虹,大燕朝廷
史思明,史朝义,父母子女/亲属,铁凝 --情侣-- 华剑虹,大燕朝廷
史朝义,安庆宗,父母子女/亲属,铁凝 --情侣-- 华剑虹,大燕朝廷
安庆宗,安庆绪,父母子女/亲属,铁凝 --情侣-- 华剑虹,大燕朝廷
安庆绪,安禄山,父母子女/亲属,铁凝 --情侣-- 华剑虹,大燕朝廷
安禄山,安庆宗,父母子女/亲属,铁凝 --情侣-- 华剑虹,大燕朝廷
安禄山,张忠志,父母子女/亲属,铁凝 --情侣-- 华剑虹,大燕朝廷
张忠志,武令珣,父母子女/亲属,铁凝 --情侣-- 华剑虹,大燕朝廷
武令珣,安守忠,父母子女/亲属,铁凝 --情侣-- 华剑虹,大燕朝廷
安守忠,阿希黎,父母子女/亲属,铁凝 --情侣-- 华剑虹,大燕朝廷
阿希黎,牛不耕,父母子女/亲属,铁凝 --情侣-- 华剑虹,大燕朝廷
牛不耕,马运行,父母子女/亲属,铁凝 --情侣-- 华剑虹,大燕朝廷
马运行,辛牧芬,父母子女/亲属,铁凝 --情侣-- 华剑虹,大燕朝廷
辛牧芬,单雄,上下属,铁凝 --情侣-- 华剑虹,大燕朝廷
辛牧芬,程坚,父母子女/亲属,铁凝 --情侣-- 华剑虹,大燕朝廷
程坚,尚昆,父母子女/亲属,铁凝 --情侣-- 华剑虹,大燕朝廷
尚昆,沐安,父母子女/亲属,铁凝 --情侣-- 华剑虹,大燕朝廷
丁立,刘彪,上下属,铁凝 --情侣-- 华剑虹,桑家堡
桑志,桑见田,父母子女/亲属,铁凝 --情侣-- 华剑虹,桑家堡
桑见田,桑白虹,父母子女/亲属,铁凝 --情侣-- 华剑虹,桑家堡
桑白虹,桑青虹,父母子女/亲属,铁凝 --情侣-- 华剑虹,桑家堡
桑青虹,离出云,父母子女/亲属,铁凝 --情侣-- 华剑虹,桑家堡
桑行,梁维周,上下属,铁凝 --情侣-- 华剑虹,桑家堡
桑弘,碧绡,上下属,铁凝 --情侣-- 华剑虹,桑家堡
碧绡,桑青虹,父母子女/亲属,铁凝 --情侣-- 华剑虹,桑家堡
桑毅,孟钊,师徒,铁凝 --情侣-- 华剑虹,桑家堡
孟钊,林深渊,父母子女/亲属,铁凝 --情侣-- 华剑虹,桑家堡
宗超俗,南宫逸,同辈亲属,铁凝 --情侣-- 华剑虹,桑家堡
宗超俗,石攻,同辈亲属,铁凝 --情侣-- 华剑虹,桑家堡
石攻,石错,上下属,铁凝 --情侣-- 华剑虹,桑家堡
石错,孟振,父母子女/亲属,铁凝 --情侣-- 华剑虹,桑家堡
孟振,孟钊,师徒,铁凝 --情侣-- 华剑虹,桑家堡
徐子嘉,石冲,上下属,铁凝 --情侣-- 华剑虹,虎威镖局
石冲,孟登,上下属,铁凝 --情侣-- 华剑虹,虎威镖局
孟登,孟倬,师徒,铁凝 --情侣-- 华剑虹,虎威镖局
孙华,秦祥,父母子女/亲属,铁凝 --情侣-- 华剑虹,虎威镖局
秦祥,赵武仲,师徒,铁凝 --情侣-- 华剑虹,虎威镖局
赵武仲,赵诚,师徒,铁凝 --情侣-- 华剑虹,虎威镖局
赵诚,刘博,上下属,铁凝 --情侣-- 华剑虹,虎威镖局
鲁明艾,尚昆阳,师徒,铁凝 --情侣-- 华剑虹,马帮
尚昆阳,朱丹鹤,师徒,铁凝 --情侣-- 华剑虹,马帮
朱丹鹤,马天行,师徒,铁凝 --情侣-- 华剑虹,马帮
莫浩,风火龙,师徒,铁凝 --情侣-- 华剑虹,马帮
风火龙,曲山,师徒,铁凝 --情侣-- 华剑虹,马帮
周岐,陆昆仑,师徒,铁凝 --情侣-- 华剑虹,马帮
陆昆仑,李元冲,师徒,铁凝 --情侣-- 华剑虹,马帮
任天吾,何仲容,父母子女/亲属,铁凝 --情侣-- 华剑虹,韩家、寒谷、莫平世家
何仲容,何令威,父母子女/亲属,铁凝 --情侣-- 华剑虹,韩家、寒谷、莫平世家
何令威,云紫烟,父母子女/亲属,铁凝 --情侣-- 华剑虹,韩家、寒谷、莫平世家
云紫烟,裴叔度,父母子女/亲属,铁凝 --情侣-- 华剑虹,韩家、寒谷、莫平世家
裴叔度,杨澄,同辈亲属,铁凝 --情侣-- 华剑虹,韩家、寒谷、莫平世家
杨澄,李希浩,父母子女/亲属,铁凝 --情侣-- 华剑虹,韩家、寒谷、莫平世家
任红绡,文逸凡,父母子女/亲属,铁凝 --情侣-- 华剑虹,韩家、寒谷、莫平世家
文逸凡,云仲玉,父母子女/亲属,铁凝 --情侣-- 华剑虹,韩家、寒谷、莫平世家
云仲玉,韩大维,父母子女/亲属,铁凝 --情侣-- 华剑虹,韩家、寒谷、莫平世家
韩大维,兰花,父母子女/亲属,铁凝 --情侣-- 华剑虹,韩家、寒谷、莫平世家
兰花,厉赛英,父母子女/亲属,铁凝 --情侣-- 华剑虹,韩家、寒谷、莫平世家
展一环,韩大维,父母子女/亲属,铁凝 --情侣-- 华剑虹,韩家、寒谷、莫平世家
谷啸风,韩佩英,父母子女/亲属,铁凝 --情侣-- 华剑虹,韩家、寒谷、莫平世家
韩佩英,兰花,父母子女/亲属,铁凝 --情侣-- 华剑虹,韩家、寒谷、莫平世家
桑玉帆,厉赛英,父母子女/亲属,铁凝 --情侣-- 华剑虹,桑玉瑞 --夫妻-- 桑玉帆
乌天朗,蒙天虎,父母子女/亲属,铁凝 --情侣-- 华剑虹,嵯峨
蒙天虎,冷天冲,上下属,铁凝 --情侣-- 华剑虹,嵯峨
冷天冲,齐世杰,上下属,铁凝 --情侣-- 华剑虹,嵯峨
齐世杰,齐岱,上下属,铁凝 --情侣-- 华剑虹,嵯峨
齐岱,齐昂,上下属,铁凝 --情侣-- 华剑虹,嵯峨
年大成,齐岱,上下属,铁凝 --情侣-- 华剑虹,嵯峨
胡轩,无极道长,师徒,铁凝 --情侣-- 华剑虹,嵯峨
无极道长,年大成,师徒,铁凝 --情侣-- 华剑虹,嵯峨
杨大熊,年大成,师徒,铁凝 --情侣-- 华剑虹,嵯峨
龙象法王,无妄上人,师徒,铁凝 --情侣-- 华剑虹,呼图赫
无妄上人,阿卜卢,师徒,铁凝 --情侣-- 华剑虹,呼图赫
阿卜卢,卡洛丝,父母子女/亲属,铁凝 --情侣-- 华剑虹,呼图赫
卡洛丝,明慧公主,师徒,铁凝 --情侣-- 华剑虹,呼图赫
明慧公主,镇国,父母子女/亲属,铁凝 --情侣-- 华剑虹,呼图赫
镇国,赤老温,父母子女/亲属,铁凝 --情侣-- 华剑虹,呼图赫
铁木真,龙象法王,师徒,铁凝 --情侣-- 华剑虹,呼图赫
铁木真,拖雷,父母子女/亲属,铁凝 --情侣-- 华剑虹,呼图赫
铁木真,拔都,父母子女/亲属,铁凝 --情侣-- 华剑虹,呼图赫
拖雷,忽必烈,父母子女/亲属,铁凝 --情侣-- 华剑虹,呼图赫
忽必烈,旭烈兀,父母子女/亲属,铁凝 --情侣-- 华剑虹,呼图赫
居百城,居凤,父母子女/亲属,铁凝 --情侣-- 华剑虹,居龙 --夫妻-- 居百城
居凤,仵兰,父母子女/亲属,铁凝 --情侣-- 华剑虹,居龙 --夫妻-- 居百城
仵兰,赵一行,父母子女/亲属,铁凝 --情侣-- 华剑虹,居龙 --夫妻-- 居百城
龙刚,石璞,父母子女/亲属,铁凝 --情侣-- 华剑虹,居龙 --夫妻-- 居百城
石璞,宋铁轮,父母子女/亲属,铁凝 --情侣-- 华剑虹,居龙 --夫妻-- 居百城
宋铁轮,谷涵虚,父母子女/亲属,铁凝 --情侣-- 华剑虹,居龙 --夫妻-- 居百城
谷涵虚,祁云峰,父母子女/亲属,铁凝 --情侣-- 华剑虹,居龙 --夫妻-- 居百城
祁云峰,孟明霞,父母子女/亲属,铁凝 --情侣-- 华剑虹,居龙 --夫妻-- 居百城
风天扬,居龙,父母子女/亲属,铁凝 --情侣-- 华剑虹,居龙 --夫妻-- 居百城
严浣,龙刚,父母子女/亲属,铁凝 --情侣-- 华剑虹,居龙 --夫妻-- 居百城
杨婉,李思南,父母子女/亲属,铁凝 --情侣-- 华剑虹,居龙 --夫妻-- 居百城
李思南,谷涵虚,父母子女/亲属,铁凝 --情侣-- 华剑虹,居龙 --夫妻-- 居百城
金逐流,公孙隐,师徒,铁凝 --情侣-- 华剑虹,金鸡岭
公孙隐,公孙奇,师徒,铁凝 --情侣-- 华剑虹,金鸡岭
公孙奇,联电,父母子女/亲属,铁凝 --情侣-- 华剑虹,金鸡岭
联电,陆菲青,父母子女/亲属,铁凝 --情侣-- 华剑虹,金鸡岭
陆菲青,玉珊瑚,父母子女/亲属,铁凝 --情侣-- 华剑虹,金鸡岭
玉珊瑚,明珠,父母子女/亲属,铁凝 --情侣-- 华剑虹,金鸡岭
明珠,宫锦云,父母子女/亲属,铁凝 --情侣-- 华剑虹,金鸡岭
三和逸士,柳元宗,师徒,铁凝 --情侣-- 华剑虹,三和逸士 --夫妻-- 明明大师
柳元宗,柳清瑶,师徒,铁凝 --情侣-- 华剑虹,三和逸士 --夫妻-- 明明大师
柳清瑶,华紫桐,师徒,铁凝 --情侣-- 华剑虹,三和逸士 --夫妻-- 明明大师
华紫桐,华谷涵,师徒,铁凝 --情侣-- 华剑虹,三和逸士 --夫妻-- 明明大师
华谷涵,柳元甲,师徒,铁凝 --情侣-- 华剑虹,三和逸士 --夫妻-- 明明大师
柳元甲,石璞,父母子女/亲属,铁凝 --情侣-- 华剑虹,三和逸士 --夫妻-- 明明大师
王钟翊,陈珠娘,父母子女/亲属,铁凝 --情侣-- 华剑虹,三和逸士 --夫妻-- 明明大师
陈珠娘,玉珊瑚,父母子女/亲属,铁凝 --情侣-- 华剑虹,三和逸士 --夫妻-- 明明大师
玉珊瑚,明珠,父母子女/亲属,铁凝 --情侣-- 华剑虹,三和逸士 --夫妻-- 明明大师
四空上人,仲太符,师徒,铁凝 --情侣-- 华剑虹,金国
四空上人,黑修罗,父母子女/亲属,铁凝 --情侣-- 华剑虹,金国
太乙,金超岳,师徒,铁凝 --情侣-- 华剑虹,金国
金超岳,鹿罗法师,师徒,铁凝 --情侣-- 华剑虹,金国
鹿罗法师,麻大哈,师徒,铁凝 --情侣-- 华剑虹,金国
麻大哈,苏赫,师徒,铁凝 --情侣-- 华剑虹,金国
杜英豪,上官宝珠,师徒,铁凝 --情侣-- 华剑虹,金国
上官宝珠,仲少符,师徒,铁凝 --情侣-- 华剑虹,金国
仲少符,完颜雍,师徒,铁凝 --情侣-- 华剑虹,金国
完颜雍,哈必图,父母子女/亲属,铁凝 --情侣-- 华剑虹,金国
哈必图,完颜长之,父母子女/亲属,铁凝 --情侣-- 华剑虹,金国
完颜长之,呼延豹,父母子女/亲属,铁凝 --情侣-- 华剑虹,金国
呼延豹,韩五,父母子女/亲属,铁凝 --情侣-- 华剑虹,金国
青灵师太,青灵子,师徒,铁凝 --情侣-- 华剑虹,金国
青灵子,上官复,师徒,铁凝 --情侣-- 华剑虹,金国
上官复,完颜长之,师徒,铁凝 --情侣-- 华剑虹,金国
紫玉,耶律勇,父母子女/亲属,铁凝 --情侣-- 华剑虹,其他
耶律勇,耶律元宜,父母子女/亲属,铁凝 --情侣-- 华剑虹,其他
耶律元宜,耶律延禧,父母子女/亲属,铁凝 --情侣-- 华剑虹,其他
耶律延禧,耶律玄元,父母子女/亲属,铁凝 --情侣-- 华剑虹,其他
耶律清波,耶律浩云,父母子女/亲属,铁凝 --情侣-- 华剑虹,其他
耶律浩云,耶律延禧,父母子女/亲属,铁凝 --情侣-- 华剑虹,其他
西门牧野,濮阳坚,师徒,铁凝 --情侣-- 华剑虹,其他
濮阳坚,孟中还,师徒,铁凝 --情侣-- 华剑虹,其他
孟中还,珠玛,父母子女/亲属,铁凝 --情侣-- 华剑虹,其他
珠玛,鲁世雄,父母子女/亲属,铁凝 --情侣-- 华剑虹,其他
鲁世雄,小龙,父母子女/亲属,铁凝 --情侣-- 华剑虹,其他
小凤,张保,父母子女/亲属,铁凝 --情侣-- 华剑虹,小龙 --情侣-- 小凤
檀道雄,郑友宝,上下属,铁凝 --情侣-- 华剑虹,小龙 --情侣-- 小凤
郑友宝,张保,上下属,铁凝 --情侣-- 华剑虹,小龙 --情侣-- 小凤
张保,张炎,父母子女/亲属,铁凝 --情侣-- 华剑虹,小龙 --情侣-- 小凤
张炎,张宗汉,父母子女/亲属,铁凝 --情侣-- 华剑虹,小龙 --情侣-- 小凤
张宗汉,岳银瓶,父母子女/亲属,铁凝 --情侣-- 华剑虹,小龙 --情侣-- 小凤
岳银瓶,岳飞,父母子女/亲属,铁凝 --情侣-- 华剑虹,小龙 --情侣-- 小凤
林冲,林雪,父母子女/亲属,铁凝 --情侣-- 华剑虹,梁山好汉
林雪,凌浩,父母子女/亲属,铁凝 --情侣-- 华剑虹,梁山好汉
凌浩,凌铁威,父母子女/亲属,铁凝 --情侣-- 华剑虹,梁山好汉
凌铁威,秦虎啸,父母子女/亲属,铁凝 --情侣-- 华剑虹,梁山好汉
秦虎啸,秦龙飞,父母子女/亲属,铁凝 --情侣-- 华剑虹,梁山好汉
秦龙飞,时迁,后人,铁凝 --情侣-- 华剑虹,梁山好汉
时迁,小桂子,后人,铁凝 --情侣-- 华剑虹,梁山好汉
秦明,秦虎啸,父母子女/亲属,铁凝 --情侣-- 华剑虹,梁山好汉
秦虎啸,秦龙飞,父母子女/亲属,铁凝 --情侣-- 华剑虹,梁山好汉
王剑豪,陶令威,父母子女/亲属,铁凝 --情侣-- 华剑虹,梁山好汉
陶令威,阮蛟,父母子女/亲属,铁凝 --情侣-- 华剑虹,梁山好汉
阮蛟,阮小二,父母子女/亲属,铁凝 --情侣-- 华剑虹,梁山好汉
阮小二,小桂子,父母子女/亲属,铁凝 --情侣-- 华剑虹,梁山好汉
洞冥子,洞玄子,师徒,铁凝 --情侣-- 华剑虹,天山系列
洞玄子,洞真子,师徒,铁凝 --情侣-- 华剑虹,天山系列
洞真子,洞妙真人,父母子女/亲属,铁凝 --情侣-- 华剑虹,天山系列
洞妙真人,玉鼎真人,师徒,铁凝 --情侣-- 华剑虹,天山系列
洞玄子,何洛,父母子女/亲属,铁凝 --情侣-- 华剑虹,天山系列
何洛,洞真子,父母子女/亲属,铁凝 --情侣-- 华剑虹,天山系列
劳福荫,洞真子,父母子女/亲属,铁凝 --情侣-- 华剑虹,大严道人
劳福荫,劳福庇,父母子女/亲属,铁凝 --情侣-- 华剑虹,大严道人
劳福庇,尹丘生,情侣,铁凝 --情侣-- 华剑虹,大严道人
庄英男,庄正光,父母子女/亲属,铁凝 --情侣-- 华剑虹,大严道人
庄英男,龙啸英,情侣,铁凝 --情侣-- 华剑虹,大严道人
龙啸英,楚劲松,师徒,铁凝 --情侣-- 华剑虹,大严道人
楚劲松,姜志奇,师徒,铁凝 --情侣-- 华剑虹,大严道人
姜志奇,玉清神尼,师徒,铁凝 --情侣-- 华剑虹,大严道人
玉清神尼,卫承纲,师徒,铁凝 --情侣-- 华剑虹,大严道人
赵红眉,赵青眉,情侣,铁凝 --情侣-- 华剑虹,大严道人
赵青眉,徐中岳,父母子女/亲属,铁凝 --情侣-- 华剑虹,大严道人
徐中岳,徐锦瑶,父母子女/亲属,铁凝 --情侣-- 华剑虹,大严道人
楚大虹,庄英男,父母子女/亲属,铁凝 --情侣-- 华剑虹,大严道人
楚大虹,楚天舒,父母子女/亲属,铁凝 --情侣-- 华剑虹,大严道人
楚天舒,龙啸英,父母子女/亲属,铁凝 --情侣-- 华剑虹,大严道人
